V2,V3,V4,V5,V6,V7,V8,V9,V10,V11,V12,V13,V14,V15,V16,V17,V18,V19,V20,V21,V22,V23,V24,V25,V26,V27,V28,V29,V30,V31,V32,V33,V34,V35,V36,V37,V38,V39,V40,V41,V42,V43,V44,V45,V46,V47,V48,V49,V50,V51,V52,V53,V54,V55,V56,V57,V58,V59,V60,V61,V62,V63,V64,V65,V66,V67,V68,V69,V70,V71,V72,V73,V74,V75,V76,V77,V78,V79,V80,V81,V82,V83,V84,V85,V86,V87,V88,V89,V90,V91,V92,V93,V94,V95,V96,V97,V98,V99,V100,V101,V102,V103,V104,V105,V106,V107,V108,V109,V110,V111,V112,V113,V114,V115,V116,V117,V118,V119,V120,Unnamed: 120
ResponseSet,Name,ExternalDataReference,EmailAddress,IPAddress,Status,StartDate,EndDate,Finished,subj_id,computer,subj_id_manual,computer_manual,instructions,summary,strategy,mask,hypothesis,imagery-text,imagery-Does a jacket have sleeves?,imagery-Does a jacket have pockets?,imagery-Does a jacket have a zipper?,imagery-Does a lion have a tail?,imagery-Does a giraffe have long legs?,imagery-Is a giraffe tall?,imagery-Does a grasshopper have legs?,imagery-Is a grasshopper green?,imagery-Does a mouse have a tail?,imagery-Is a mouse grey?,imagery-Is a banana yellow?,imagery-Is a camel large?,imagery-Is a bottle used for holding things?,imagery-Is a bottle used for holding liquids?,imagery-Does a bike have different speeds?,imagery-Does a banana grow in tropical climates?,imagery-Is a bottle a container?,imagery-Is a bottle breakable?,imagery-Is an alligator an animal?,imagery-Does a zebra have stripes?,imagery-Does an apple grow on trees?,imagery-Is an apple used for cider?,imagery-Does a rabbit eat carrots?,imagery-Does a raccoon produce offspring?,imagery-Does a mouse eat?,imagery-Does a pig like mud?,imagery-Is a lion a carnivore?,imagery-Is a mouse an animal?,imagery-Is a pineapple juicy?,imagery-Is a pineapple tropical?,imagery-Is a pig smelly?,imagery-Does a pig live on farms?,imagery-Is an apple round?,imagery-Is a camel beige?,imagery-Is a zebra an animal?,imagery-Is a strawberry red?,imagery-Does a rabbit have whiskers?,imagery-Is a pig pink?,imagery-Does a pig have legs?,imagery-Is a penguin black?,imagery-Does a penguin have feet?,imagery-Does a rabbit have feet?,imagery-Does a rabbit have ears?,imagery-Does a pineapple have an inside?,imagery-Does a pig have a snout?,imagery-Does a camel eat?,imagery-Does a camel spit?,imagery-Does a camel drink water?,imagery-Is a chair used for relaxing?,imagery-Is a chair used for sitting on?,imagery-Is a chair found at tables?,imagery-Does a chicken live in a coop?,imagery-Is a deer fast?,imagery-Does a dog bark?,imagery-Does a donkey make noises?,imagery-Is an alligator long?,imagery-Does a banana have a skin?,imagery-Does a zebra live in Africa?,imagery-Is a train loud?,imagery-Does a strawberry taste good?,imagery-Is a raccoon furry?,imagery-Does a swan live on water?,imagery-Is a strawberry a fruit?,imagery-Is a table used for eating on?,imagery-Does a swan lay eggs?,imagery-Does a tiger live in India?,imagery-Is a table found in kitchens?,imagery-Does a camel have a hump?,imagery-Is a camel brown?,imagery-Does a dog have hair?,imagery-Does a deer have four legs?,imagery-Does a donkey have a tail?,imagery-Does a donkey have hooves?,imagery-Does a donkey have legs?,imagery-Does a donkey have four legs?,imagery-Does an elephant have ears?,imagery-Does an elephant have four legs?,imagery-Does a zebra have hooves?,imagery-Does a zebra have four legs?,imagery-Is a toad small?,imagery-Does a train have an engine?,imagery-Is a table made of wood?,imagery-Does a tiger have whiskers?,imagery-Does a swan have feathers?,imagery-Is a table flat?,imagery-Does a swan have wings?,imagery-Does a swan have a long neck?,imagery-Does an alligator have jaws?,imagery-Does a banana have a peel?,imagery-Does a camel have legs?,imagery-Is a jacket clothing?,imagery-Is a jacket worn for the rain?,imagery-Does a giraffe eat leaves?,imagery-Does a giraffe live in zoos?,imagery-Does an elephant eat peanuts?,imagery-Does an elephant live in Africa?,imagery-Is an elephant an animal?,imagery-Is a donkey furry?,imagery-Is a lion an animal?,imagery-Does a lion roar?,
Default Response Set,Anonymous,,,128.104.131.0,0,2016-02-18 14:34:49,2016-02-18 14:42:04,1,PV_103,LL-ELAINE,,,1,"Questions were asked on a computer screen and then a word was said in headphones that the subject wore. Upon hearing the word, while still looking at the screen, the subject was supposed to accurately answer the question with yes/up or no/down. ",I guess I moved closer to engage more with the screen and I know I looked down when there was a pattern even though I know that was discouraged. I don't know if it worked. I know I was pretty tired so by moving closer I felt more engaged. I also thought about what possible answers could be where permitted. This worked some of the time. ,"Yes, I think they slowed down my performance. I definitely think that they were distracting and another sensory/other stimuli I had to block in order to remember the question and think about the correct answer. ","I think they are going to look at question accuracy and speed and distract-ability. Mostly, I think they are studying the relationship between distract-ability with moving visuals with respect to written and auditory learning",1,3,2,3,3,3,4,3,2,3,3,4,2,2,3,1,3,3,3,3,2,3,1,3,1,2,1,2,3,2,3,2,1,1,2,1,3,2,3,3,4,3,4,3,3,3,2,1,2,4,1,4,3,1,1,2,2,2,1,2,2,2,3,2,2,2,4,4,3,4,3,3,3,1,3,3,3,2,1,2,2,1,1,3,2,1,3,3,3,3,2,1,1,1,3,3,1,2,3,1,4,
Default Response Set,Anonymous,,,128.104.131.70,0,2016-02-18 14:34:01,2016-02-18 14:42:09,1,PV_102,LL-George,,,1,"I saw a question on the screen then heard the name of an object. I would press the up arrow if the answer to the question was yes, and pressed the down arrow if the answer to the question was no.","Sometimes I would guess what object I expected to hear. In some instances this helped me respond more quickly, but in some cases it was confusing and slowed my reaction time.","Yes, but I couldn't tell if this had any effect on my performance.",I think they hope to find the time it takes for the brain to make connections between objects and certain traits these objects possess.,1,2,2,2,2,4,2,1,3,3,2,3,1,2,1,1,1,2,2,1,2,2,1,1,1,1,1,1,1,1,1,1,1,3,3,2,3,2,2,3,3,2,2,2,2,3,1,1,1,2,1,2,1,1,1,1,2,2,1,1,1,2,3,1,3,2,1,2,2,3,2,2,2,3,2,4,4,2,4,2,2,1,1,3,2,2,3,3,3,2,2,1,2,1,1,1,1,1,2,1,1,
Default Response Set,Anonymous,,,128.104.131.186,0,2016-02-18 14:36:05,2016-02-18 14:44:39,1,PV101,LL-Kramer,,,1, A question about an object that I had to read showed up on the computer screen and then I heard a word. I had to then answer the question yes or no based on the object I heard.,"Sometimes when I thought the question was referring to one object in particular (ex: does it have a long neck I would think the yes answer was giraffe) so as soon as I did not hear the word I thought they were getting at, I would click no. I think it worked in most cases but in some I answered too quickly and then answered the question wrong.","Yes, I think I answered the questions faster when the flashing patterns were present because they helped me focus.",That our brains respond faster to certain words than others.,1,4,4,5,5,5,5,4,5,4,3,5,3,2,3,5,2,2,3,5,4,3,1,4,1,2,3,3,2,5,4,3,4,4,3,4,5,3,3,4,4,4,2,4,3,4,3,2,4,4,5,5,3,3,4,4,3,5,2,2,4,4,5,5,5,2,1,5,5,4,5,3,5,3,4,5,5,5,3,5,5,3,4,5,5,5,4,5,4,5,3,4,3,5,5,5,3,5,5,4,5,
Default Response Set,Anonymous,,,128.104.131.186,0,2016-02-19 12:40:39,2016-02-19 12:43:12,1,PV104,LL-Kramer,,,1,Looking at questions on a screen and then listening to a word to see if the answer matched the question,Think and look at the questions?,"Yes, annoying.",I am not sure,1,3,4,3,4,3,3,3,3,3,4,3,3,2,3,3,3,4,3,3,4,3,4,3,3,4,5,3,3,3,3,3,4,3,4,2,2,2,3,1,3,3,3,3,3,3,3,3,3,4,5,3,3,3,4,4,4,4,5,3,4,4,3,3,4,4,3,3,3,3,3,3,3,3,3,3,4,3,3,3,4,3,1,4,3,1,3,3,3,5,3,3,3,1,3,4,3,3,3,3,3,
Default Response Set,Anonymous,,,128.104.131.0,0,2016-02-19 12:40:30,2016-02-19 12:45:07,1,PV106,LL-ELAINE,,,1,We had to answer yes or no questions,I tried to anticipate what she was going to say but sometimes I acted too soon and got it wrong,I don't think it had a big effect on my performance but it made me squint my eyes every time,accuracy and speed  ,1,5,5,5,5,5,5,5,5,5,5,5,5,5,5,4,5,5,5,5,5,5,5,5,3,5,5,5,5,5,5,5,5,5,5,5,5,5,5,5,5,5,5,5,5,5,3,5,5,3,5,5,5,5,5,5,5,5,5,5,5,5,5,5,5,5,5,5,5,5,5,5,5,5,5,5,5,5,5,5,5,5,5,5,5,5,5,5,5,5,5,5,5,5,5,5,5,5,5,5,5,
Default Response Set,Anonymous,,,128.104.131.70,0,2016-02-19 12:41:45,2016-02-19 12:50:10,1,PV105,LL-George,,,1,"I saw questions on the screen and heard a noun and I was supposed to answer ""yes"" or ""no"" if the noun related to the question. ","As the experiment went on, I could feel myself anticipating what the right noun was for the question would be and if I started to hear the sound of that noun, I would click yes right away.","I did look at the pattern when present. I don't think it had much of an effect, maybe slowed down my thought process a little bit.",I think the experimenters hope to find a delay in reaction time when the pattern is present. ,1,2,1,1,2,1,3,1,3,3,2,2,1,1,1,1,2,2,1,2,3,3,1,3,1,1,3,2,1,1,2,1,4,2,2,1,2,3,3,1,2,2,1,1,1,3,1,1,1,1,1,1,1,3,1,2,3,3,3,1,1,2,2,1,1,1,2,1,1,2,3,1,2,2,1,1,1,1,3,1,3,1,2,2,3,1,1,3,3,3,1,1,3,3,3,3,2,1,2,1,1,
Default Response Set,Anonymous,,,128.104.131.186,0,2016-02-23 10:37:41,2016-02-23 10:52:35,1,PV105test,LL-Kramer,,,1,"I saw the question about a certain feature of something and heard a thing, and I made judgement about if the question is true for the thing.","At later part of the experiment, since the objects and questions appear to be mentioned repeatedly, I will have nominees that fit the question and that helped bring up the speed. However sometimes I only nominated the most typical example and negated all others despite that the thing I heard also shares the feature.",Yes. An interference.,To see if certain features/categories are more indicative for some examples but not others; if visual interference slow down the formation of these categories.,1,2,2,2,2,2,2,3,3,3,2,4,2,3,2,1,1,1,2,1,2,2,1,1,1,1,2,1,1,1,1,1,1,3,3,1,4,3,3,2,4,3,2,3,2,2,1,1,1,1,2,2,2,2,1,1,2,2,1,1,1,3,3,1,1,3,1,1,4,3,3,2,2,3,2,2,2,3,3,3,2,1,2,3,2,3,3,3,2,3,1,1,1,2,1,1,1,1,2,1,1,
Default Response Set,Anonymous,,,72.33.2.180,0,2016-02-17 11:18:58,2016-02-17 11:19:39,0,TEST_SUBJ,TEST_COMPUTER,,,1,,test,test,,,,,,,,,,,,,,,,,,,,,,,,,,,,,,,,,,,,,,,,,,,,,,,,,,,,,,,,,,,,,,,,,,,,,,,,,,,,,,,,,,,,,,,,,,,,,,,,,,,,,,,
Default Response Set,Anonymous,,,128.104.131.70,0,2016-02-24 11:28:33,2016-02-24 11:32:57,1,PV109,LL-George,,,1,"I saw a question appear on the screen, and was given an option in which I needed to respond ""yes"" or ""no"" to.","I would read the question and the first syllable i would hear, I would then base my answer on that.",The flashing patterns made my eyes tired and slower.,The reaction time of an individual based off a flashing pattern and no pattern.,1,5,4,5,4,4,4,3,4,4,4,3,5,5,4,2,4,4,5,4,3,4,5,4,3,4,5,4,5,5,4,4,4,4,4,3,4,3,4,4,4,3,3,5,4,4,4,4,4,5,3,3,5,4,4,2,5,4,5,3,4,5,4,2,4,5,4,5,4,5,4,4,4,2,4,3,4,4,3,5,3,4,5,3,4,4,3,4,4,4,3,4,3,4,4,4,4,5,5,4,4,
Default Response Set,Anonymous,,,128.104.131.186,0,2016-02-24 11:27:13,2016-02-24 11:33:10,1,PV108,LL-Kramer,,,1,"We saw an explanation then heard a word and were suppose to identify, yes or no, whether the explanation was true. ","Nothing specific, just hear the word. I developed what I thought it was before the word actually came up. ",I thought it made it quicker over time. ,Differences after it said to speed up. ,1,4,5,5,5,5,5,5,5,5,5,5,5,5,5,4,5,5,5,5,5,5,4,5,5,3,5,2,4,5,5,3,5,5,2,3,5,5,5,3,4,4,4,5,5,1,2,5,3,5,5,5,3,2,4,1,5,1,5,5,5,5,4,1,5,1,2,5,5,5,5,5,4,4,4,5,5,5,5,5,5,1,5,3,3,5,2,5,5,5,4,2,5,5,5,1,3,3,3,2,5,
Default Response Set,Anonymous,,,128.104.131.183,0,2016-02-24 11:25:59,2016-02-24 11:33:23,1,PV107,LL-Jerry,,,1,I had to look at questions as they popped up on the screen and say whether or not they were correct for the word that was said to me through the headphones. ,I tried to use both of my hands to answer the question. One finger from each had on either the yes or the no key. I think that it was more effective then when I was just using one of my hands. ,"Yes, I tried to look at the patterns when they were present. I don't think they had a very large effect on my performance answering the questions. ",The response times it took to answer many simple questions when looking at an obstructing view that might make it hard to focus on the questions. ,1,1,1,3,3,2,4,4,4,3,4,5,4,1,1,3,3,1,3,1,5,4,1,4,4,1,4,1,1,3,1,3,4,2,4,1,3,5,4,2,3,5,1,4,3,3,1,2,1,1,2,3,4,2,1,5,5,3,2,1,2,4,2,1,3,1,3,3,4,3,4,2,1,4,1,1,2,1,4,1,5,4,1,5,4,2,1,2,2,4,1,3,1,1,1,3,2,1,4,1,2,
Default Response Set,Anonymous,,,128.104.131.186,0,2016-02-24 13:33:45,2016-02-24 13:42:49,1,PV110,LL-Kramer,,,1,I was supposed to read the question on the screen and select yes or no on the keyboard depending on the word I heard in the headphones. I was also supposed to keep my eyes on the screen.,"After seeing the question I thought of the possible answers in my head, or the answers I thought it might be. Then, if I heard one of these options I would hit yes immediately (much faster than I normally would).","Yes, they had a little effect on my performance just because it's distracting to the thought process. However, if I used my strategy mentioned above it had less of an effect.",How fast we associate words with their characteristics as well as the effectiveness of visual distractions to the thought process.,1,4,4,3,4,3,1,3,4,5,4,2,2,4,4,1,1,1,2,1,4,4,2,2,1,2,1,1,1,2,2,2,4,3,3,2,3,3,2,2,3,5,4,4,2,4,1,1,1,3,2,2,3,3,1,3,4,3,2,1,1,5,3,1,2,2,1,4,3,4,2,5,4,5,3,5,3,3,5,4,4,1,2,4,5,4,4,3,3,2,3,1,2,4,3,2,3,1,2,1,2,
Default Response Set,Anonymous,,,128.104.131.186,0,2016-02-24 14:10:44,2016-02-24 14:21:03,1,PV111,LL-Kramer,,,1,"The computer would ask a question, and the the experimenter would click the up or down arrows to answer yes or no respectively to the question.","I would hove my hand above the keyboard while the question was asked, click the arrow, and then rest my hand on the table. I think it helped eliminate wasted time moving my hand to answer the question. ","I looked at the patterns for a little bit, but it hurt my eyes. I don't think it hurt my performance that much.",Does additional stimuli like flashing colors help or hurt memory retrieval.,1,1,3,4,4,2,4,4,3,3,2,4,4,1,1,4,1,1,2,1,4,1,1,3,2,1,4,3,1,3,2,4,3,2,2,1,4,2,4,1,4,3,4,3,4,4,1,3,1,1,4,1,4,4,5,4,4,4,2,4,3,3,4,1,4,2,1,4,3,3,1,1,4,2,1,1,1,1,3,3,3,4,4,2,1,4,4,4,3,4,3,1,4,4,4,4,4,1,2,1,1,
Default Response Set,Anonymous,,,128.104.131.183,0,2016-02-24 16:22:00,2016-02-24 16:27:04,1,PV113,LL-Jerry,,,1,"I saw a question, heard an answer, and was to determine if the answer was correct. ",I anticipated the answer after hearing the same answers repeatedly. It worked occasionally.,They decreased my performance and interrupted my concentration. ,Probably if the brain is distracted by the picture. ,1,5,5,5,5,5,5,5,5,5,5,5,5,5,5,4,5,5,5,5,5,5,4,5,4,5,5,5,5,5,5,5,5,5,5,5,5,5,5,5,5,5,5,5,5,5,5,5,5,5,5,5,5,5,5,5,5,5,5,5,5,5,5,5,5,4,5,5,5,5,5,5,5,5,5,5,5,5,5,5,5,5,5,5,5,5,5,5,4,5,5,5,5,5,5,5,5,5,5,5,5,
Default Response Set,Anonymous,,,128.104.131.0,0,2016-02-24 16:17:06,2016-02-24 16:29:05,1,PV112,LL-ELAINE,,,1,There was a question written on the screen. A word would be verbalized in the headphones and I would have to answer yes or no to whether the word answered the question correctly. ,"If a question was obvious or hinted as an answer, ""such as does it live in a coop"", I would have the word chicken in mind and it was easy to click yes or no quickly. ","Yes, at first it disoriented me to the answer. But once it was present I believe I got used to the effect and was able to answer questions at a similar rate as when it was not there. ",Does visual stimulation affect the recollection of memories.  / OR at one point I thought the word was being said louder in my headphones or only on one side so does having both temporal? lobes involved in hearing the word help with recollection of memories. ,1,3,1,3,4,4,4,5,5,4,4,4,4,3,2,3,1,2,4,1,4,2,1,3,1,1,3,1,1,2,1,1,3,4,3,1,4,3,3,5,4,3,2,4,3,5,1,1,1,1,1,2,1,2,1,1,5,2,2,1,1,5,3,1,1,2,2,3,4,5,4,4,4,3,2,4,4,4,4,5,3,3,5,3,4,2,5,4,4,1,1,1,1,2,1,2,2,1,3,1,2,
Default Response Set,Anonymous,,,128.104.131.70,0,2016-02-24 16:24:17,2016-02-24 16:30:29,1,PV115,LL-George,,,1,were given a description and then Heard words that would trigger if they were assocated with previous definiton,I thought of possible answers that were already in the bank of questions and help my finger on the one i thought it would be and then quickly moved it if it wasnt a possible one.,yes. I dont but i believe they were to confuse us and do worse. IT would take away our concentraton,See the reaction time of having a distraction and comparing it to no distraction,1,5,3,3,3,3,3,3,4,3,3,5,3,3,5,4,3,3,4,3,3,3,4,4,4,3,4,3,3,4,3,3,3,4,3,3,5,3,4,3,4,3,3,3,3,3,3,3,3,4,5,3,3,3,3,3,3,3,3,4,3,3,3,4,4,3,3,3,3,3,3,3,3,3,3,3,3,4,3,3,3,3,3,3,3,4,3,3,3,4,3,5,3,3,3,2,3,3,3,4,3,
Default Response Set,Anonymous,,,128.104.131.186,0,2016-02-24 16:22:34,2016-02-24 16:31:03,1,PV114,LL-Kramer,,,1,"I read a question and then a voice said a word after the question.  If it were true, I pressed the up arrow.  If it were false, I pressed the down arrow.  Sometimes there was a random colored box.",No I did not.,Yes.  It kept me engaged in the question.,They hope to find how to retrieve information quickly from the memory.,1,4,5,4,4,2,4,1,3,4,2,1,2,2,1,2,3,1,4,1,5,4,2,2,2,1,2,2,1,2,3,1,4,1,1,1,1,3,3,1,3,1,4,2,4,4,1,3,2,2,1,1,3,2,1,1,4,2,2,1,1,2,3,1,1,2,1,4,3,2,2,1,1,1,1,1,3,1,2,1,2,1,1,2,2,1,4,3,2,3,1,1,1,3,4,1,3,1,4,1,2,
Default Response Set,Anonymous,,,128.104.131.0,0,2016-02-29 14:51:52,2016-02-29 14:56:08,1,PV118,LL-ELAINE,,,1,You saw and question and then was asked to answer yes or no to that question based on the thing they announced.,I didn't have a specific strategy besides keeping my finger on the keyboard.,"They were a little distracting, but not to the point where they made me get the wrong answer. ",I think they are looking for how easily someone can get distracted and what happens when they become tired and fed up with the activity.,1,5,5,5,5,5,5,5,5,5,4,5,3,5,5,5,5,5,5,5,5,5,5,5,5,5,5,5,5,5,5,5,5,5,5,5,5,5,5,5,5,5,5,5,5,5,5,5,5,5,5,5,5,5,5,5,5,5,3,5,5,3,5,5,5,5,4,5,5,5,5,5,5,3,5,5,5,5,5,5,5,5,5,5,5,5,5,5,5,5,5,5,5,5,5,3,5,5,3,5,5,
Default Response Set,Anonymous,,,128.104.131.186,0,2016-02-29 14:52:49,2016-02-29 14:57:02,1,PV116,LL-Kramer,,,1,"After reading a sentence displayed on the screen, I would hear a word and have to answer yes or no depending on the accuracy of the two given.","pay attention well, and listen well. Yes it worked well","yes, slight forgetfulness of the sentence displayed ",how fast one is able to make comparisons regarding sets of things,1,4,4,4,4,4,4,4,4,4,4,4,4,4,4,4,4,4,4,4,4,4,4,4,4,4,4,4,4,4,4,3,4,4,4,4,4,4,4,4,4,4,4,4,4,4,4,4,4,4,4,4,4,4,4,4,4,4,4,4,3,4,4,4,4,4,4,4,4,4,4,4,4,4,4,4,4,4,4,4,4,4,4,4,4,4,4,4,4,4,4,4,4,4,4,4,4,4,4,4,4,
Default Response Set,Anonymous,,,128.104.131.70,0,2016-02-29 14:52:51,2016-02-29 14:58:46,1,PV117,LL-George,,,1,I saw a question and had to hit up or down depending on whether the word that was played matched that question,I just tried to stay focused.  The questions that hit the wrong button for by mistake was during period where my mind wandered a little bit,It made it more difficult to focus,Whether the flashing patterns aided or hindered our abilities,1,5,5,5,5,5,5,5,5,5,5,5,5,5,5,5,5,5,5,5,5,5,5,5,5,5,5,5,5,5,5,5,5,5,5,,5,5,5,5,5,5,5,5,5,5,5,5,5,2,5,5,5,4,5,5,5,5,5,5,5,5,5,5,5,5,5,5,5,5,5,5,5,5,5,5,5,5,5,5,5,5,5,5,5,5,5,5,5,5,5,5,5,5,5,5,5,5,5,5,5,
Default Response Set,Anonymous,,,128.104.131.186,0,2016-03-01 14:39:41,2016-03-01 14:45:53,1,PV119,LL-Kramer,,,1,"I saw questions, then heard different objects, and I was responsible to say whether or not the question related to the object.",My strategy was trying to guess the objects that could fit into that category. For the majority of the questions it did help. ,"Yes, I think the flashing patterns made me perform worse because they made me tired. ",If stimuli effects the response time to questions. ,1,1,1,1,2,2,2,1,2,2,2,2,2,2,2,1,2,1,1,1,2,1,1,2,2,2,2,1,1,1,2,2,2,2,3,1,1,2,2,2,2,2,2,2,2,2,2,2,2,1,1,1,2,2,2,1,2,2,2,2,2,2,2,1,1,2,2,1,2,2,2,2,2,3,2,1,2,1,2,1,2,1,1,2,2,1,2,2,2,2,2,2,2,2,2,2,2,1,2,1,1,
Default Response Set,Anonymous,,,128.104.131.70,0,2016-03-01 14:40:49,2016-03-01 14:46:42,1,PV120,LL-George,,,1,I saw a yes or no question and then I heard a word and had to answer yes or no using the arrow keys.,I just had my fingers already on the arrow keys so I could press them quickly. ,I tried to but I found myself adverting my eyes. They made my vision weird for a second so I was worried I would miss the next question. ,"I'm not really sure, maybe something about visual and auditory stimulus and how fast they produce a response.",1,4,4,4,4,4,4,4,4,4,4,4,4,4,4,3,4,4,4,4,4,4,4,4,3,4,4,4,4,3,3,4,4,4,3,4,4,4,4,4,3,4,4,4,4,4,4,4,4,4,4,4,4,3,4,4,4,3,4,4,4,3,4,4,4,3,3,4,4,4,4,4,4,4,4,4,4,4,4,4,4,3,3,4,4,4,4,3,4,4,4,4,4,4,4,4,4,4,3,4,4,
Default Response Set,Anonymous,,,128.104.131.186,0,2016-03-03 16:07:55,2016-03-03 16:13:29,1,PV121,LL-Kramer,,,1,You saw a question and then heard a word.  You were supposed to answer yes or no whether the word fit the question.,Ya i looked at the key word in the question and then compared that to the word given.  I think it worked.,"Ya I did and it kind of throws you off for a second makes you think about something else, so probably a negative effect.",How quickly you can process hearing and reaction with or without the flashing patterns. ,1,5,5,5,5,5,5,5,5,5,5,5,5,5,5,5,5,5,5,5,5,5,5,5,5,5,5,4,5,5,5,5,5,5,5,5,5,5,5,5,5,5,5,5,5,5,5,5,5,5,5,5,5,5,5,5,5,4,5,5,5,4,5,5,5,5,5,5,5,5,5,5,5,4,5,5,5,5,4,5,5,5,5,5,5,5,5,5,5,5,5,5,5,5,5,4,5,5,5,5,5,
Default Response Set,Anonymous,,,128.104.131.0,0,2016-03-03 16:12:07,2016-03-03 16:17:21,1,PV123,LL-ELAINE,,,1,I was supposed to read the questions off of the screen and then was given a word through the headphones. I was then supposed to answer yes or no if the question applied to the object.,I repeated the question in my head when I read it so that I could try to associate it with the word quickly. I think this may have helped a little with my timing. ,"I did, but did not think they had much effect. I was able to answer them as quickly as I could have when they weren't present.",How long it takes for the brain to react and associate two ideas together.,1,4,4,5,4,4,4,3,4,5,5,5,5,2,3,3,3,4,3,4,5,3,2,4,3,2,4,3,3,3,3,3,4,5,5,4,4,2,5,3,4,3,4,4,4,3,3,4,3,2,4,4,4,3,3,3,4,4,4,3,3,3,4,4,5,4,2,4,4,3,4,5,4,3,4,3,4,4,4,4,3,3,4,4,4,4,4,4,4,5,4,4,4,3,3,2,3,5,3,4,3,
Default Response Set,Anonymous,,,128.104.131.70,0,2016-03-03 16:11:11,2016-03-03 16:20:25,1,PV122,LL-George,,,1,"I saw a question presented on the screen and then I was given a word through the headset. If the word I heard was a correct answer to the question, the up/""yes"" button was pushed, or if not, the down/""no"" button was pushed.","I don't think I had a particular strategy. However, after a period of time I had a good idea of what words were in the set being spoken to me and certain questions could only have a few possible answers. So if I didn't hear the correct word I needed, it was a lot quicker for me to make my decision.",I did look at the flashing patterns when they were present. I don't think they had any effect on my performance.,"I assume there is something they are trying to find with the flashing patterns and their effect on the participant's performance, but I am not exactly sure.",1,5,5,5,5,5,5,5,5,5,5,5,5,4,5,3,5,3,5,4,5,5,4,5,3,3,5,4,4,3,4,5,5,5,5,5,5,5,5,5,5,5,5,5,5,5,5,5,4,3,5,5,5,4,5,5,5,5,4,3,5,5,4,5,4,3,3,5,5,5,5,5,5,5,5,5,5,5,5,5,5,5,5,5,5,5,5,5,5,5,5,5,3,4,4,4,5,5,5,4,5,
Default Response Set,Anonymous,,,128.104.131.70,0,2016-03-04 12:23:55,2016-03-04 12:31:39,1,PV124,LL-George,,,1,"I was given an explanation such as ""does it have wings"" on a screen and then a word through my head phones would sound and I would either press  the up arrow or down depending on the word. ",sometimes closing my eyes helped and yes i think it worked,i think they helped my performance versus not showing anything at all ,With different stimuli in front of the participant their reaction time would be different. ,1,1,2,3,3,3,3,2,2,4,3,1,2,2,4,5,3,1,2,2,2,2,4,3,1,1,1,4,1,3,3,2,3,1,4,2,3,3,4,4,2,4,3,2,4,2,1,3,1,1,1,3,2,4,1,3,3,4,1,1,1,4,4,1,2,4,2,2,4,4,3,3,2,2,3,3,3,4,2,2,2,2,1,4,4,4,4,2,4,1,3,3,1,2,3,3,4,1,4,1,1,
Default Response Set,Anonymous,,,128.104.131.183,0,2016-03-04 12:24:35,2016-03-04 12:31:50,1,PV126,LL-Jerry,,,1,"I was given a question and then a word was presented after a question mark. If it was correct, I would push the upwards arrow and if it was incorrect, I would press the downwards arrow. ",I would keep my finger over both keys while reading the question and sometimes I would try and anticipate the answer. I think it worked pretty well over all. I got some wrong but for the majority of the time it worked.,I did look at the flashing patterns. I don't think they had much of an effect on my performance but they were a tad bit distracting. ,I believe they are looking for the impacts that external stimuli (e.g. flashing stimuli) have on processing information. ,1,2,2,2,2,2,1,2,2,2,2,2,1,2,2,2,2,2,2,1,3,2,1,2,1,2,2,1,1,2,2,2,2,1,2,1,3,2,2,2,2,2,2,2,2,2,1,2,2,2,2,2,2,2,1,2,2,2,1,1,1,1,3,1,2,2,2,2,3,2,2,1,2,2,1,2,2,1,2,2,1,2,2,2,1,1,2,2,2,2,2,1,2,2,2,2,2,1,2,1,2,
Default Response Set,Anonymous,,,128.104.131.0,0,2016-03-04 12:27:09,2016-03-04 12:34:26,1,PV125,LL-ELAINE,,,1,"Asked a question on the screen, then supposed to respond yes or no regarding if the word heard through headphones corresponded to the question. ",I had one hand on the up arrow and one hand on the down arrow to try and answer as quickly as possible. I think it worked well. ,I did look at the flashing patterns. They were kind of distracting but I don't think they made much of an effect on my performance. ,To see if distractions slow down retrieval time from memory and to see if there are common questions and answers that people were able to do faster than others. ,1,2,1,1,2,2,1,1,3,2,3,1,1,1,1,1,1,3,3,1,1,3,1,3,1,1,3,1,3,1,1,1,1,3,3,1,1,1,2,2,2,2,2,1,3,3,1,2,1,1,1,1,1,3,1,1,3,3,1,1,1,3,1,1,1,2,2,1,3,3,3,3,3,3,1,2,2,3,3,1,3,1,3,2,1,3,3,3,3,1,1,1,1,2,1,1,1,1,3,1,1,
Default Response Set,Anonymous,,,128.104.131.70,0,2016-03-04 13:20:11,2016-03-04 13:30:01,1,PV127,LL-George,,,1,"First, I was prompted with a question, then I heard an object. If the object fit the description, I had to press up, if it didn't i had to press down. ","When I saw the question I thought back to the commonly said words that I would answer yes to. I think if I prepared myself to hear a word, and then heard it I answered much more quickly. ","I was looking at them. I think that they served as a distraction when I was fully paying attention, but if my mind began to wander I think it oriented my thoughts back to the screen and the experiment. ","I think that the experimenters might be trying to look into reaction time, as well as how distractions influence reaction time. ",1,3,3,4,2,4,4,2,2,3,3,4,4,2,3,1,2,4,1,1,4,1,1,2,1,1,2,1,1,3,3,1,2,2,3,1,2,3,4,2,3,2,2,1,3,1,1,3,2,2,3,3,2,2,1,1,3,2,1,2,2,3,4,4,3,2,2,2,2,2,1,2,3,3,2,3,1,2,3,3,3,2,4,2,3,3,4,4,1,2,2,3,1,2,2,1,1,3,2,1,1,
Default Response Set,Anonymous,,,128.104.131.0,0,2016-03-04 13:24:19,2016-03-04 13:32:25,1,PV128,LL-ELAINE,,,1,"I was supposed to answer a yes or no question by pressing up or down on the keyboard (yes is up down is no) and the question would be presented as a statement on the screen like ""It has feathers"" while the object I was supposed to answer about is said in the headphones.i was supposed to answer when either a colored question mark appeared or regular.",Not really except I often had an object or two in mind and if they didn't say it I would press no.,they flashing pattern was distracting and sometimes I would try not to look at it.,I think they hope to see the flashing pattern made you answer slower.,1,1,4,4,4,4,4,4,4,4,4,1,4,3,3,1,4,4,2,1,4,4,1,1,4,1,4,1,4,3,1,1,4,4,4,1,4,4,4,4,4,4,4,4,4,4,4,4,4,4,4,4,4,1,4,3,4,4,4,1,1,4,4,4,4,4,4,4,4,4,4,4,4,4,4,4,4,4,4,4,3,4,4,4,4,4,4,4,4,4,4,1,1,4,4,4,4,4,4,1,4,
Default Response Set,Anonymous,,,128.104.131.70,0,2016-03-04 14:17:44,2016-03-04 14:23:53,1,PV130,LL-George,,,1,Read a yes or no question.  Then confirmed if what I listened to was a yes or no,Sometimes I acted too fast and I answered questions wrong,I had to close my eyes with that colorful flashing ,I have no idea / ,1,5,5,5,5,5,5,5,5,5,5,5,3,5,3,5,5,5,5,5,5,5,5,5,5,3,5,5,5,5,5,5,5,3,3,5,5,2,5,5,4,5,5,5,5,5,5,5,5,3,5,5,5,5,5,5,5,5,5,5,5,5,5,5,5,5,5,5,5,5,5,5,5,5,5,5,5,5,5,5,5,5,5,5,5,5,5,5,5,5,5,5,5,5,5,5,5,5,5,5,5,
Default Response Set,Anonymous,,,128.104.131.186,0,2016-03-04 14:14:33,2016-03-04 14:24:36,1,PV129,LL-Kramer,,,1,"I saw a sentence containing a question such as ""Is it flat?"" and then a few seconds later I heard a word like ""bottle"" and then if the statement was true I pressed the up arrow and if false the down arrow respectively. ","Predict was a possible answer would be to the question so that if I heard the beginnings of that word I could press the appropriate response immediately. It worked for some like ""does it have a hump?"" and I thought ""camel"" so I prepared my finger to press up and the voice did indeed say camel.","Yes, at first it was distracting, but after a while I got used to them.",If the flashing patterns affected the speed at which a person is able to connect concepts in their brain.,1,3,2,3,2,3,2,2,2,2,2,1,1,2,2,3,2,2,2,2,3,,1,2,1,2,2,1,2,3,3,1,2,2,2,1,1,2,2,1,2,3,1,2,3,3,1,2,2,1,1,2,2,2,1,1,3,3,1,1,1,2,2,1,1,2,2,3,2,2,2,2,2,2,2,3,3,1,2,2,2,2,2,2,3,2,2,3,2,3,2,1,2,2,2,2,2,2,2,2,1,
Default Response Set,Anonymous,,,128.104.131.0,0,2016-03-04 14:19:20,2016-03-04 14:26:10,1,PV131,LL-ELAINE,,,1,We were asked simple questions about objects and animals. We then had to read a question and use the arrows to say if the object or animal we heard matched the question given.,"I tried to focus on the end of the question, and not look away from the computer when waiting for the word to be said.  I do think it worked",I do not think it had any effect on my answers,To see how quickly we can answer the questions given when hearing a word through headphones,1,1,1,1,1,3,3,3,3,3,3,3,4,2,3,1,1,3,3,2,4,3,3,3,2,3,3,1,1,4,1,4,3,1,4,1,3,3,3,3,3,3,3,3,3,3,3,3,3,3,3,3,4,3,3,1,3,3,4,4,3,3,3,3,3,4,3,3,3,3,3,3,3,3,1,3,3,3,3,3,1,3,3,3,3,1,1,4,2,3,3,1,3,2,3,3,1,1,3,1,3,
Default Response Set,Anonymous,,,128.104.131.183,0,2016-03-04 14:19:10,2016-03-04 14:27:05,1,PV132,LL-Jerry,,,1,"I would read a sentence, then I would heard a word either that made sense with the sentence or not, then as quickly as possible I had to say ""yes"" or ""no"" if it made sense or not. ","When I would read the sentence I would think of something that made sense with the sentence and if I did not hear that I would go the opposite, it made me get a lot of answers wrong, but many times it also did work. ","I think they let me know when the word was coming, when just the question mark appeared, it did not really warn me. ",Whether or not having something to look at helps making decisions/reflexes faster or not. ,1,5,5,5,5,5,5,5,5,5,5,5,5,5,5,5,1,5,1,1,5,1,5,1,1,1,4,1,1,5,5,1,5,5,5,1,5,5,5,5,5,4,4,5,5,5,1,4,4,1,1,5,4,5,1,1,5,2,1,1,1,5,5,1,1,1,1,5,5,5,5,5,5,4,5,5,5,5,2,5,5,1,5,5,5,5,5,5,5,5,5,1,5,4,5,5,5,1,5,1,5,
Default Response Set,Anonymous,,,128.104.131.186,0,2016-03-04 16:20:52,2016-03-04 16:30:10,1,PV133,LL-Kramer,,,1,I was given a statement and then a word was spoken through the headphones. If the word matched with the statement I pressed the up arrow and if it did not match I pressed the down arrow. ,I did not have a strategy.  I just read the sentence and listened to the word. ,I did look at it and I think it had a positive effect on my performance. ,I think the experimenter was hoping to see how quickly the participant could identify the object stated through the headphone and decide if it matched with the statement given. ,1,5,5,5,5,4,5,4,4,5,5,5,5,5,5,4,4,5,5,5,5,5,4,5,4,4,4,4,5,5,5,3,4,5,4,5,5,4,5,5,4,4,5,5,4,4,4,4,5,5,5,5,5,5,5,4,4,5,4,5,5,4,5,5,5,5,3,5,4,4,5,5,5,4,5,4,5,4,4,5,4,3,5,4,5,5,5,5,4,5,4,5,5,5,5,5,4,5,4,5,5,
Default Response Set,Anonymous,,,128.104.131.70,0,2016-03-04 16:24:19,2016-03-04 16:32:29,1,PV134,LL-George,,,1,I had to correspond what i heard to the phrase i seen just previously on the screen.,"I tried to focus on the most important word out of the phrase and pair it with what I heard, i think it worked.","Yes i did look at them and they were distracting to me, but i don't think that it effected my performance.",How quickly people process what they heard to what is read. ,1,1,1,1,3,2,1,2,2,2,2,2,2,1,1,2,4,1,3,1,2,1,1,3,1,1,2,2,1,1,3,1,2,2,1,1,2,3,1,1,2,2,3,2,2,3,1,3,2,1,1,2,1,2,1,2,2,1,3,1,1,3,2,1,1,3,3,2,2,3,2,2,3,1,1,1,2,2,4,1,1,3,1,4,2,1,3,3,5,1,1,1,1,2,1,2,2,1,2,1,1,
