subj_id,seed,experimenter,date,computer,block,block_type,trial,proposition_id,feat_type,question,cue,cue_file,mask_type,correct_response,response,rt,is_correct
PV148,148,XL,2016_Apr_06_1101,LL-Jerry,0,practice,1,does-it-have-four-legs:zebra,visual,Does it have four legs?,zebra,zebra_2.wav,mask,yes,yes,1281.76906286,1
PV148,148,XL,2016_Apr_06_1101,LL-Jerry,0,practice,2,does-it-have-a-tail:mouse,visual,Does it have a tail?,mouse,mouse_4.wav,nomask,yes,yes,1198.50102719,1
PV148,148,XL,2016_Apr_06_1101,LL-Jerry,0,practice,3,is-it-long:alligator,visual,Is it long?,alligator,alligator_2.wav,nomask,yes,yes,1406.74777701,1
PV148,148,XL,2016_Apr_06_1101,LL-Jerry,0,practice,4,is-it-green:grasshopper,visual,Is it green?,grasshopper,grasshopper_3.wav,mask,yes,yes,1440.0683064,1
PV148,148,XL,2016_Apr_06_1101,LL-Jerry,0,practice,5,is-it-an-animal:chair,nonvisual,Is it an animal?,chair,chair_4.wav,mask,no,no,1006.74713682,1
PV148,148,XL,2016_Apr_06_1101,LL-Jerry,0,practice,6,does-it-have-a-beak:banana,visual,Does it have a beak?,banana,banana_2.wav,mask,no,no,981.792429462,1
PV148,148,XL,2016_Apr_06_1101,LL-Jerry,1,test,8,does-it-eat-leaves:jacket,nonvisual,Does it eat leaves?,jacket,jacket_1.wav,mask,no,no,1215.11648037,1
PV148,148,XL,2016_Apr_06_1101,LL-Jerry,1,test,9,does-it-eat:camel,nonvisual,Does it eat?,camel,camel_3.wav,mask,yes,yes,781.788268127,1
PV148,148,XL,2016_Apr_06_1101,LL-Jerry,1,test,10,is-it-eaten-by-frying:giraffe,nonvisual,Is it eaten by frying?,giraffe,giraffe_2.wav,nomask,no,no,1815.11840038,1
PV148,148,XL,2016_Apr_06_1101,LL-Jerry,1,test,11,does-it-produce-offspring:raccoon,nonvisual,Does it produce offspring?,raccoon,raccoon_2.wav,mask,yes,yes,1081.78250631,1
PV148,148,XL,2016_Apr_06_1101,LL-Jerry,1,test,12,does-it-live-in-india:tiger,nonvisual,Does it live in India?,tiger,tiger_3.wav,nomask,yes,yes,1465.1151998,1
PV148,148,XL,2016_Apr_06_1101,LL-Jerry,1,test,13,does-it-have-seeds:camel,visual,Does it have seeds?,camel,camel_4.wav,mask,no,timeout,2000.0,0
PV148,148,XL,2016_Apr_06_1101,LL-Jerry,1,test,14,is-it-red:strawberry,visual,Is it red?,strawberry,strawberry_4.wav,nomask,yes,yes,865.109757986,1
PV148,148,XL,2016_Apr_06_1101,LL-Jerry,1,test,15,does-it-have-hair:jacket,visual,Does it have hair?,jacket,jacket_3.wav,mask,no,no,1015.123202,1
PV148,148,XL,2016_Apr_06_1101,LL-Jerry,1,test,16,does-it-live-in-africa:elephant,nonvisual,Does it live in Africa?,elephant,elephant_3.wav,mask,yes,yes,740.145768039,1
PV148,148,XL,2016_Apr_06_1101,LL-Jerry,1,test,17,is-it-red:zebra,visual,Is it red?,zebra,zebra_1.wav,nomask,no,no,1281.77514439,1
PV148,148,XL,2016_Apr_06_1101,LL-Jerry,1,test,18,is-it-brown:camel,visual,Is it brown?,camel,camel_2.wav,mask,yes,yes,956.764741335,1
PV148,148,XL,2016_Apr_06_1101,LL-Jerry,1,test,19,is-it-an-animal:zebra,nonvisual,Is it an animal?,zebra,zebra_4.wav,nomask,yes,yes,906.787147745,1
PV148,148,XL,2016_Apr_06_1101,LL-Jerry,1,test,20,is-it-an-animal:lion,nonvisual,Is it an animal?,lion,lion_2.wav,mask,yes,yes,706.670315471,1
PV148,148,XL,2016_Apr_06_1101,LL-Jerry,1,test,21,does-it-have-a-neck:table,visual,Does it have a neck?,table,table_4.wav,mask,no,no,865.126082674,1
PV148,148,XL,2016_Apr_06_1101,LL-Jerry,1,test,22,does-it-have-ears:elephant,visual,Does it have ears?,elephant,elephant_2.wav,nomask,yes,yes,781.751778442,1
PV148,148,XL,2016_Apr_06_1101,LL-Jerry,1,test,23,does-it-have-a-seat:rabbit,visual,Does it have a seat?,rabbit,rabbit_3.wav,nomask,no,no,1290.12304172,1
PV148,148,XL,2016_Apr_06_1101,LL-Jerry,1,test,24,is-it-worn-for-the-rain:jacket,nonvisual,Is it worn for the rain?,jacket,jacket_2.wav,nomask,yes,yes,1181.7428153,1
PV148,148,XL,2016_Apr_06_1101,LL-Jerry,1,test,25,does-it-live-on-water:mouse,nonvisual,Does it live on water?,mouse,mouse_2.wav,mask,no,no,1365.11808028,1
PV148,148,XL,2016_Apr_06_1101,LL-Jerry,1,test,26,is-it-used-by-riding:swan,nonvisual,Is it used by riding?,swan,swan_2.wav,nomask,no,no,1406.80923359,1
PV148,148,XL,2016_Apr_06_1101,LL-Jerry,1,test,27,is-it-used-for-sitting-on:chair,nonvisual,Is it used for sitting on?,chair,chair_3.wav,mask,yes,yes,548.914901447,1
PV148,148,XL,2016_Apr_06_1101,LL-Jerry,1,test,28,is-it-used-for-cider:apple,nonvisual,Is it used for cider?,apple,apple_3.wav,nomask,yes,yes,815.105597023,1
PV148,148,XL,2016_Apr_06_1101,LL-Jerry,1,test,29,is-it-a-fruit:strawberry,nonvisual,Is it a fruit?,strawberry,strawberry_1.wav,mask,yes,yes,840.907257982,1
PV148,148,XL,2016_Apr_06_1101,LL-Jerry,1,test,30,does-it-have-a-peel:banana,visual,Does it have a peel?,banana,banana_2.wav,nomask,yes,yes,690.687676892,1
PV148,148,XL,2016_Apr_06_1101,LL-Jerry,1,test,31,is-it-a-mammal:bike,nonvisual,Is it a mammal?,bike,bike_1.wav,nomask,no,no,648.429967929,1
PV148,148,XL,2016_Apr_06_1101,LL-Jerry,1,test,32,does-it-have-a-beak:apple,visual,Does it have a beak?,apple,apple_4.wav,nomask,no,no,706.787148025,1
PV148,148,XL,2016_Apr_06_1101,LL-Jerry,1,test,33,does-it-have-green-leaves:raccoon,visual,Does it have green leaves?,raccoon,raccoon_1.wav,nomask,no,no,706.743936054,1
PV148,148,XL,2016_Apr_06_1101,LL-Jerry,1,test,34,is-it-pink:pig,visual,Is it pink?,pig,pig_2.wav,mask,yes,yes,706.68888092,1
PV148,148,XL,2016_Apr_06_1101,LL-Jerry,1,test,35,is-it-a-fruit:chair,nonvisual,Is it a fruit?,chair,chair_2.wav,nomask,no,no,665.13504507,1
PV148,148,XL,2016_Apr_06_1101,LL-Jerry,1,test,36,does-it-eat-people:deer,nonvisual,Does it eat people?,deer,deer_1.wav,nomask,no,no,890.101275872,1
PV148,148,XL,2016_Apr_06_1101,LL-Jerry,1,test,37,does-it-have-eyes:bottle,visual,Does it have eyes?,bottle,bottle_4.wav,nomask,no,no,906.767942477,1
PV148,148,XL,2016_Apr_06_1101,LL-Jerry,1,test,38,does-it-like-mud:penguin,nonvisual,Does it like mud?,penguin,penguin_1.wav,nomask,no,no,1065.13504498,1
PV148,148,XL,2016_Apr_06_1101,LL-Jerry,1,test,39,does-it-lay-eggs:dog,nonvisual,Does it lay eggs?,dog,dog_3.wav,nomask,no,yes,1348.45141368,0
PV148,148,XL,2016_Apr_06_1101,LL-Jerry,1,test,40,is-it-smelly:pig,nonvisual,Is it smelly?,pig,pig_3.wav,nomask,yes,yes,1123.14588949,1
PV148,148,XL,2016_Apr_06_1101,LL-Jerry,1,test,41,does-it-roar:lion,nonvisual,Does it roar?,lion,lion_4.wav,mask,yes,yes,631.742175203,1
PV148,148,XL,2016_Apr_06_1101,LL-Jerry,1,test,42,does-it-have-four-legs:donkey,visual,Does it have four legs?,donkey,donkey_3.wav,mask,yes,yes,923.430768307,1
PV148,148,XL,2016_Apr_06_1101,LL-Jerry,1,test,43,does-it-grow-underground:tiger,nonvisual,Does it grow underground?,tiger,tiger_3.wav,nomask,no,no,1123.3926774,1
PV148,148,XL,2016_Apr_06_1101,LL-Jerry,1,test,44,is-it-fast:banana,nonvisual,Is it fast?,banana,banana_4.wav,nomask,no,no,740.09807501,1
PV148,148,XL,2016_Apr_06_1101,LL-Jerry,1,test,45,does-it-have-a-pointed-end:donkey,visual,Does it have a pointed end?,donkey,donkey_2.wav,mask,no,no,1015.18817991,1
PV148,148,XL,2016_Apr_06_1101,LL-Jerry,1,test,46,is-it-a-container:bottle,nonvisual,Is it a container?,bottle,bottle_4.wav,nomask,yes,yes,1306.75865989,1
PV148,148,XL,2016_Apr_06_1101,LL-Jerry,1,test,47,is-it-black:penguin,visual,Is it black?,penguin,penguin_1.wav,mask,yes,yes,690.11279894,1
PV148,148,XL,2016_Apr_06_1101,LL-Jerry,1,test,48,is-it-a-reptile:elephant,nonvisual,Is it a reptile?,elephant,elephant_2.wav,mask,no,no,831.906700972,1
PV148,148,XL,2016_Apr_06_1101,LL-Jerry,1,test,49,does-it-have-feathers:swan,visual,Does it have feathers?,swan,swan_3.wav,nomask,yes,yes,1115.10975845,1
PV148,148,XL,2016_Apr_06_1101,LL-Jerry,1,test,50,does-it-waddle:lion,nonvisual,Does it waddle?,lion,lion_3.wav,mask,no,no,806.786827743,1
PV148,148,XL,2016_Apr_06_1101,LL-Jerry,1,test,51,is-it-an-animal:bottle,nonvisual,Is it an animal?,bottle,bottle_3.wav,mask,no,no,831.791468896,1
PV148,148,XL,2016_Apr_06_1101,LL-Jerry,1,test,52,is-it-tropical:pineapple,nonvisual,Is it tropical?,pineapple,pineapple_3.wav,mask,yes,yes,923.439090606,1
PV148,148,XL,2016_Apr_06_1101,LL-Jerry,1,test,53,is-it-green:giraffe,visual,Is it green?,giraffe,giraffe_1.wav,nomask,no,no,773.428527638,1
PV148,148,XL,2016_Apr_06_1101,LL-Jerry,1,test,54,does-it-live-in-the-desert:alligator,nonvisual,Does it live in the desert?,alligator,alligator_2.wav,nomask,no,no,981.759140268,1
PV148,148,XL,2016_Apr_06_1101,LL-Jerry,1,test,55,does-it-have-an-inside:pineapple,visual,Does it have an inside?,pineapple,pineapple_4.wav,nomask,yes,yes,948.437650222,1
PV148,148,XL,2016_Apr_06_1101,LL-Jerry,1,test,56,does-it-have-a-cushion:deer,visual,Does it have a cushion?,deer,deer_4.wav,nomask,no,no,806.761220563,1
PV148,148,XL,2016_Apr_06_1101,LL-Jerry,1,test,57,does-it-have-four-legs:elephant,visual,Does it have four legs?,elephant,elephant_2.wav,nomask,yes,yes,690.114399418,1
PV148,148,XL,2016_Apr_06_1101,LL-Jerry,1,test,58,does-it-have-feet:bike,visual,Does it have feet?,bike,bike_1.wav,mask,no,no,698.250398505,1
PV148,148,XL,2016_Apr_06_1101,LL-Jerry,1,test,59,is-it-used-for-eating-on:table,nonvisual,Is it used for eating on?,table,table_2.wav,nomask,yes,yes,806.773704011,1
PV148,148,XL,2016_Apr_06_1101,LL-Jerry,1,test,60,is-it-made-of-wood:grasshopper,visual,Is it made of wood?,grasshopper,grasshopper_1.wav,nomask,no,no,682.145166211,1
PV148,148,XL,2016_Apr_06_1101,LL-Jerry,1,test,61,does-it-have-sleeves:jacket,visual,Does it have sleeves?,jacket,jacket_3.wav,nomask,yes,yes,715.067826677,1
PV148,148,XL,2016_Apr_06_1101,LL-Jerry,1,test,62,is-it-furry:donkey,nonvisual,Is it furry?,donkey,donkey_3.wav,mask,yes,yes,1190.10607712,1
PV148,148,XL,2016_Apr_06_1101,LL-Jerry,1,test,63,does-it-have-ears:strawberry,visual,Does it have ears?,strawberry,strawberry_1.wav,mask,no,no,715.145607945,1
PV148,148,XL,2016_Apr_06_1101,LL-Jerry,1,test,64,does-it-have-many-cars:carrot,visual,Does it have many cars?,carrot,carrot_2.wav,mask,no,no,748.478941154,1
PV148,148,XL,2016_Apr_06_1101,LL-Jerry,1,test,65,does-it-grow-in-tropical-climates:train,nonvisual,Does it grow in tropical climates?,train,train_2.wav,mask,no,no,948.375552893,1
PV148,148,XL,2016_Apr_06_1101,LL-Jerry,1,test,66,does-it-have-four-legs:swan,visual,Does it have four legs?,swan,swan_3.wav,nomask,no,yes,981.921104714,0
PV148,148,XL,2016_Apr_06_1101,LL-Jerry,1,test,67,does-it-live-in-a-coop:chicken,nonvisual,Does it live in a coop?,chicken,chicken_2.wav,mask,yes,yes,956.737854052,1
PV148,148,XL,2016_Apr_06_1101,LL-Jerry,1,test,68,does-it-have-hooves:banana,visual,Does it have hooves?,banana,banana_2.wav,nomask,no,no,756.771143526,1
PV148,148,XL,2016_Apr_06_1101,LL-Jerry,1,test,69,does-it-have-an-engine:train,visual,Does it have an engine?,train,train_3.wav,nomask,yes,yes,573.4051615,1
PV148,148,XL,2016_Apr_06_1101,LL-Jerry,1,test,70,does-it-have-whiskers:pineapple,visual,Does it have whiskers?,pineapple,pineapple_4.wav,nomask,no,no,790.107357316,1
PV148,148,XL,2016_Apr_06_1101,LL-Jerry,2,test,72,does-it-have-legs:grasshopper,visual,Does it have legs?,grasshopper,grasshopper_1.wav,mask,yes,yes,990.072787739,1
PV148,148,XL,2016_Apr_06_1101,LL-Jerry,2,test,73,does-it-have-long-legs:giraffe,visual,Does it have long legs?,giraffe,giraffe_3.wav,nomask,yes,yes,1056.76922249,1
PV148,148,XL,2016_Apr_06_1101,LL-Jerry,2,test,74,does-it-have-a-hump:camel,visual,Does it have a hump?,camel,camel_1.wav,mask,yes,yes,490.099355578,1
PV148,148,XL,2016_Apr_06_1101,LL-Jerry,2,test,75,is-it-prickly:dog,nonvisual,Is it prickly?,dog,dog_3.wav,mask,no,no,656.849884894,1
PV148,148,XL,2016_Apr_06_1101,LL-Jerry,2,test,76,is-it-an-animal:mouse,nonvisual,Is it an animal?,mouse,mouse_4.wav,mask,yes,yes,781.778985634,1
PV148,148,XL,2016_Apr_06_1101,LL-Jerry,2,test,77,does-it-lay-eggs:lion,nonvisual,Does it lay eggs?,lion,lion_2.wav,nomask,no,no,923.433648888,1
PV148,148,XL,2016_Apr_06_1101,LL-Jerry,2,test,78,is-it-round:apple,visual,Is it round?,apple,apple_2.wav,nomask,yes,yes,1156.75737988,1
PV148,148,XL,2016_Apr_06_1101,LL-Jerry,2,test,79,is-it-black:tiger,visual,Is it black?,tiger,tiger_1.wav,mask,no,no,748.440210707,1
PV148,148,XL,2016_Apr_06_1101,LL-Jerry,2,test,80,does-it-have-four-legs:deer,visual,Does it have four legs?,deer,deer_2.wav,mask,yes,yes,748.43829032,1
PV148,148,XL,2016_Apr_06_1101,LL-Jerry,2,test,81,does-it-have-legs:pineapple,visual,Does it have legs?,pineapple,pineapple_4.wav,nomask,no,no,773.443571758,1
PV148,148,XL,2016_Apr_06_1101,LL-Jerry,2,test,82,is-it-a-fruit:mouse,nonvisual,Is it a fruit?,mouse,mouse_4.wav,nomask,no,no,1006.71544811,1
PV148,148,XL,2016_Apr_06_1101,LL-Jerry,2,test,83,is-it-red:penguin,visual,Is it red?,penguin,penguin_1.wav,mask,no,no,765.067186207,1
PV148,148,XL,2016_Apr_06_1101,LL-Jerry,2,test,84,is-it-yellow:banana,visual,Is it yellow?,banana,banana_1.wav,mask,yes,yes,932.335618883,1
PV148,148,XL,2016_Apr_06_1101,LL-Jerry,2,test,85,does-it-have-pockets:apple,visual,Does it have pockets?,apple,apple_2.wav,mask,no,no,756.754819304,1
PV148,148,XL,2016_Apr_06_1101,LL-Jerry,2,test,86,does-it-have-whiskers:toad,visual,Does it have whiskers?,toad,toad_4.wav,mask,no,no,1381.74569607,1
PV148,148,XL,2016_Apr_06_1101,LL-Jerry,2,test,87,is-it-loud:deer,nonvisual,Is it loud?,deer,deer_1.wav,mask,no,no,1281.78186668,1
PV148,148,XL,2016_Apr_06_1101,LL-Jerry,2,test,88,is-it-a-bird:pig,nonvisual,Is it a bird?,pig,pig_3.wav,mask,no,no,1273.38467538,1
PV148,148,XL,2016_Apr_06_1101,LL-Jerry,2,test,89,does-it-have-ears:rabbit,visual,Does it have ears?,rabbit,rabbit_4.wav,nomask,yes,yes,765.115519986,1
PV148,148,XL,2016_Apr_06_1101,LL-Jerry,2,test,90,does-it-like-mud:pig,nonvisual,Does it like mud?,pig,pig_2.wav,nomask,yes,yes,548.450773582,1
PV148,148,XL,2016_Apr_06_1101,LL-Jerry,2,test,91,does-it-have-ears:jacket,visual,Does it have ears?,jacket,jacket_4.wav,nomask,no,no,940.09519415,1
PV148,148,XL,2016_Apr_06_1101,LL-Jerry,2,test,92,is-it-small:donkey,visual,Is it small?,donkey,donkey_3.wav,mask,no,no,798.438930418,1
PV148,148,XL,2016_Apr_06_1101,LL-Jerry,2,test,93,does-it-lay-eggs:swan,nonvisual,Does it lay eggs?,swan,swan_3.wav,mask,yes,yes,1215.09983577,1
PV148,148,XL,2016_Apr_06_1101,LL-Jerry,2,test,94,does-it-drink-water:camel,nonvisual,Does it drink water?,camel,camel_4.wav,nomask,yes,yes,1006.73881453,1
PV148,148,XL,2016_Apr_06_1101,LL-Jerry,2,test,95,is-it-a-container:banana,nonvisual,Is it a container?,banana,banana_4.wav,mask,no,no,823.4733399,1
PV148,148,XL,2016_Apr_06_1101,LL-Jerry,2,test,96,does-it-have-wings:lion,visual,Does it have wings?,lion,lion_1.wav,mask,no,no,881.754979026,1
PV148,148,XL,2016_Apr_06_1101,LL-Jerry,2,test,97,does-it-have-a-beak:raccoon,visual,Does it have a beak?,raccoon,raccoon_3.wav,mask,no,no,881.72617089,1
PV148,148,XL,2016_Apr_06_1101,LL-Jerry,2,test,98,is-it-used-for-holding-things:bottle,nonvisual,Is it used for holding things?,bottle,bottle_3.wav,nomask,yes,yes,1065.09695482,1
PV148,148,XL,2016_Apr_06_1101,LL-Jerry,2,test,99,does-it-have-sleeves:bike,visual,Does it have sleeves?,bike,bike_3.wav,nomask,no,no,798.422605731,1
PV148,148,XL,2016_Apr_06_1101,LL-Jerry,2,test,100,does-it-lay-eggs:donkey,nonvisual,Does it lay eggs?,donkey,donkey_4.wav,nomask,no,no,982.198621146,1
PV148,148,XL,2016_Apr_06_1101,LL-Jerry,2,test,101,is-it-loud:train,nonvisual,Is it loud?,train,train_4.wav,nomask,yes,yes,1015.10303654,1
PV148,148,XL,2016_Apr_06_1101,LL-Jerry,2,test,102,does-it-have-whiskers:rabbit,visual,Does it have whiskers?,rabbit,rabbit_1.wav,nomask,yes,yes,823.45157396,1
PV148,148,XL,2016_Apr_06_1101,LL-Jerry,2,test,103,does-it-have-a-tail:strawberry,visual,Does it have a tail?,strawberry,strawberry_4.wav,mask,no,no,1006.77530421,1
PV148,148,XL,2016_Apr_06_1101,LL-Jerry,2,test,104,is-it-a-vegetable:jacket,nonvisual,Is it a vegetable?,jacket,jacket_1.wav,mask,no,no,881.770023145,1
PV148,148,XL,2016_Apr_06_1101,LL-Jerry,2,test,105,does-it-spit:camel,nonvisual,Does it spit?,camel,camel_4.wav,mask,yes,yes,1190.10831788,1
PV148,148,XL,2016_Apr_06_1101,LL-Jerry,2,test,106,is-it-made-of-wood:swan,visual,Is it made of wood?,swan,swan_1.wav,nomask,no,no,773.448052816,1
PV148,148,XL,2016_Apr_06_1101,LL-Jerry,2,test,107,does-it-live-in-africa:zebra,nonvisual,Does it live in Africa?,zebra,zebra_3.wav,nomask,yes,yes,831.777705345,1
PV148,148,XL,2016_Apr_06_1101,LL-Jerry,2,test,108,is-it-beige:camel,visual,Is it beige?,camel,camel_2.wav,nomask,yes,yes,781.72809165,1
PV148,148,XL,2016_Apr_06_1101,LL-Jerry,2,test,109,is-it-furniture:donkey,nonvisual,Is it furniture?,donkey,donkey_2.wav,nomask,no,no,715.101115871,1
PV148,148,XL,2016_Apr_06_1101,LL-Jerry,2,test,110,is-it-large:camel,visual,Is it large?,camel,camel_4.wav,nomask,yes,yes,748.851523735,1
PV148,148,XL,2016_Apr_06_1101,LL-Jerry,2,test,111,does-it-have-scales:elephant,visual,Does it have scales?,elephant,elephant_4.wav,mask,no,no,690.078549553,1
PV148,148,XL,2016_Apr_06_1101,LL-Jerry,2,test,112,does-it-have-wings:swan,visual,Does it have wings?,swan,swan_1.wav,mask,yes,yes,840.105116833,1
PV148,148,XL,2016_Apr_06_1101,LL-Jerry,2,test,113,is-it-a-root:chair,nonvisual,Is it a root?,chair,chair_4.wav,nomask,no,no,806.758020073,1
PV148,148,XL,2016_Apr_06_1101,LL-Jerry,2,test,114,does-it-have-a-tail:donkey,visual,Does it have a tail?,donkey,donkey_3.wav,mask,yes,yes,581.760740839,1
PV148,148,XL,2016_Apr_06_1101,LL-Jerry,2,test,115,is-it-used-for-holding-things:carrot,nonvisual,Is it used for holding things?,carrot,carrot_4.wav,nomask,no,no,765.075188596,1
PV148,148,XL,2016_Apr_06_1101,LL-Jerry,2,test,116,does-it-have-pockets:jacket,visual,Does it have pockets?,jacket,jacket_3.wav,nomask,yes,yes,565.080630127,1
PV148,148,XL,2016_Apr_06_1101,LL-Jerry,2,test,117,is-it-furry:raccoon,nonvisual,Is it furry?,raccoon,raccoon_4.wav,mask,yes,yes,1756.7548193,1
PV148,148,XL,2016_Apr_06_1101,LL-Jerry,2,test,118,does-it-grow-on-trees:apple,nonvisual,Does it grow on trees?,apple,apple_1.wav,mask,yes,yes,823.45189387,1
PV148,148,XL,2016_Apr_06_1101,LL-Jerry,2,test,119,does-it-live-in-zoos:giraffe,nonvisual,Does it live in zoos?,giraffe,giraffe_1.wav,mask,yes,yes,698.306734208,1
PV148,148,XL,2016_Apr_06_1101,LL-Jerry,2,test,120,is-it-grey:mouse,visual,Is it grey?,mouse,mouse_1.wav,nomask,yes,yes,665.087352041,1
PV148,148,XL,2016_Apr_06_1101,LL-Jerry,2,test,121,does-it-have-a-snout:pig,visual,Does it have a snout?,pig,pig_1.wav,nomask,yes,yes,698.416524101,1
PV148,148,XL,2016_Apr_06_1101,LL-Jerry,2,test,122,does-it-have-a-long-neck:swan,visual,Does it have a long neck?,swan,swan_4.wav,mask,yes,yes,1006.75033731,1
PV148,148,XL,2016_Apr_06_1101,LL-Jerry,2,test,123,does-it-require-a-conductor:grasshopper,nonvisual,Does it require a conductor?,grasshopper,grasshopper_3.wav,mask,no,no,690.100955777,1
PV148,148,XL,2016_Apr_06_1101,LL-Jerry,2,test,124,is-it-found-in-kitchens:table,nonvisual,Is it found in kitchens?,table,table_4.wav,nomask,yes,yes,723.436529748,1
PV148,148,XL,2016_Apr_06_1101,LL-Jerry,2,test,125,does-it-have-teeth:bottle,visual,Does it have teeth?,bottle,bottle_1.wav,nomask,no,no,798.421965446,1
PV148,148,XL,2016_Apr_06_1101,LL-Jerry,2,test,126,is-it-worn-for-the-rain:chicken,nonvisual,Is it worn for the rain?,chicken,chicken_3.wav,nomask,no,no,890.115359798,1
PV148,148,XL,2016_Apr_06_1101,LL-Jerry,2,test,127,does-it-have-four-legs:strawberry,visual,Does it have four legs?,strawberry,strawberry_2.wav,mask,no,no,881.765221711,1
PV148,148,XL,2016_Apr_06_1101,LL-Jerry,2,test,128,does-it-have-a-skin:table,visual,Does it have a skin?,table,table_3.wav,nomask,no,no,973.452854436,1
PV148,148,XL,2016_Apr_06_1101,LL-Jerry,2,test,129,is-it-an-animal:elephant,nonvisual,Is it an animal?,elephant,elephant_4.wav,nomask,yes,yes,740.115039982,1
PV148,148,XL,2016_Apr_06_1101,LL-Jerry,2,test,130,is-it-tall:giraffe,visual,Is it tall?,giraffe,giraffe_2.wav,nomask,yes,yes,940.118560567,1
PV148,148,XL,2016_Apr_06_1101,LL-Jerry,2,test,131,does-it-have-stripes:zebra,visual,Does it have stripes?,zebra,zebra_2.wav,nomask,yes,yes,1315.12032123,1
PV148,148,XL,2016_Apr_06_1101,LL-Jerry,2,test,132,does-it-live-in-africa:bike,nonvisual,Does it live in Africa?,bike,bike_3.wav,mask,no,no,815.095353872,1
PV148,148,XL,2016_Apr_06_1101,LL-Jerry,2,test,133,is-it-used-for-sitting-on:tiger,nonvisual,Is it used for sitting on?,tiger,tiger_1.wav,nomask,no,no,956.755458843,1
PV148,148,XL,2016_Apr_06_1101,LL-Jerry,2,test,134,does-it-bark:dog,nonvisual,Does it bark?,dog,dog_1.wav,nomask,yes,yes,556.73433328,1
PV148,148,XL,2016_Apr_06_1101,LL-Jerry,2,test,135,does-it-have-jaws:alligator,visual,Does it have jaws?,alligator,alligator_3.wav,nomask,yes,yes,1015.50634718,1
PV148,148,XL,2016_Apr_06_1101,LL-Jerry,3,test,137,does-it-taste-good:strawberry,nonvisual,Does it taste good?,strawberry,strawberry_3.wav,mask,yes,yes,815.114239231,1
PV148,148,XL,2016_Apr_06_1101,LL-Jerry,3,test,138,is-it-found-at-tables:chair,nonvisual,Is it found at tables?,chair,chair_1.wav,mask,yes,yes,781.765541993,1
PV148,148,XL,2016_Apr_06_1101,LL-Jerry,3,test,139,is-it-eaten-by-rabbits:zebra,nonvisual,Is it eaten by rabbits?,zebra,zebra_1.wav,nomask,no,no,790.109278169,1
PV148,148,XL,2016_Apr_06_1101,LL-Jerry,3,test,140,does-it-live-on-farms:pig,nonvisual,Does it live on farms?,pig,pig_1.wav,nomask,yes,yes,623.449333478,1
PV148,148,XL,2016_Apr_06_1101,LL-Jerry,3,test,141,is-it-used-for-relaxing:chair,nonvisual,Is it used for relaxing?,chair,chair_2.wav,mask,yes,yes,957.312412094,1
PV148,148,XL,2016_Apr_06_1101,LL-Jerry,3,test,142,does-it-make-noises:donkey,nonvisual,Does it make noises?,donkey,donkey_4.wav,mask,yes,yes,1106.75769998,1
PV148,148,XL,2016_Apr_06_1101,LL-Jerry,3,test,143,does-it-have-different-speeds:bike,nonvisual,Does it have different speeds?,bike,bike_2.wav,mask,yes,no,940.132644493,0
PV148,148,XL,2016_Apr_06_1101,LL-Jerry,3,test,144,does-it-have-a-cork:camel,visual,Does it have a cork?,camel,camel_3.wav,nomask,no,no,1490.10607693,1
PV148,148,XL,2016_Apr_06_1101,LL-Jerry,3,test,145,does-it-have-a-zipper:jacket,visual,Does it have a zipper?,jacket,jacket_1.wav,mask,yes,yes,565.579327289,1
PV148,148,XL,2016_Apr_06_1101,LL-Jerry,3,test,146,is-it-small:toad,visual,Is it small?,toad,toad_4.wav,nomask,yes,yes,1156.76442161,1
PV148,148,XL,2016_Apr_06_1101,LL-Jerry,3,test,147,is-it-an-amphibian:bottle,nonvisual,Is it an amphibian?,bottle,bottle_1.wav,mask,no,no,656.82331752,1
PV148,148,XL,2016_Apr_06_1101,LL-Jerry,3,test,148,does-it-have-feet:rabbit,visual,Does it have feet?,rabbit,rabbit_3.wav,mask,yes,yes,948.428687174,1
PV148,148,XL,2016_Apr_06_1101,LL-Jerry,3,test,149,does-it-have-different-speeds:banana,nonvisual,Does it have different speeds?,banana,banana_4.wav,nomask,no,no,973.520073108,1
PV148,148,XL,2016_Apr_06_1101,LL-Jerry,3,test,150,is-it-eaten-as-bacon:dog,nonvisual,Is it eaten as bacon?,dog,dog_1.wav,nomask,no,no,1073.42852745,1
PV148,148,XL,2016_Apr_06_1101,LL-Jerry,3,test,151,does-it-have-whiskers:tiger,visual,Does it have whiskers?,tiger,tiger_1.wav,nomask,yes,yes,915.107517503,1
PV148,148,XL,2016_Apr_06_1101,LL-Jerry,3,test,152,is-it-worn-in-cold-temperatures:banana,nonvisual,Is it worn in cold temperatures?,banana,banana_1.wav,mask,no,no,740.108638071,1
PV148,148,XL,2016_Apr_06_1101,LL-Jerry,3,test,153,does-it-eat-carrots:rabbit,nonvisual,Does it eat carrots?,rabbit,rabbit_1.wav,nomask,yes,yes,473.414123524,1
PV148,148,XL,2016_Apr_06_1101,LL-Jerry,3,test,154,is-it-used-for-protection:raccoon,nonvisual,Is it used for protection?,raccoon,raccoon_3.wav,nomask,no,no,1273.4823022,1
PV148,148,XL,2016_Apr_06_1101,LL-Jerry,3,test,155,does-it-have-legs:pig,visual,Does it have legs?,pig,pig_2.wav,nomask,yes,yes,931.738014333,1
PV148,148,XL,2016_Apr_06_1101,LL-Jerry,3,test,156,does-it-have-feet:penguin,visual,Does it have feet?,penguin,penguin_1.wav,mask,yes,yes,690.087192226,1
PV148,148,XL,2016_Apr_06_1101,LL-Jerry,3,test,157,does-it-have-legs:donkey,visual,Does it have legs?,donkey,donkey_1.wav,mask,yes,yes,815.111038741,1
PV148,148,XL,2016_Apr_06_1101,LL-Jerry,3,test,158,does-it-taste-good:grasshopper,nonvisual,Does it taste good?,grasshopper,grasshopper_2.wav,nomask,no,no,1540.12048105,1
PV148,148,XL,2016_Apr_06_1101,LL-Jerry,3,test,159,is-it-muddy:giraffe,visual,Is it muddy?,giraffe,giraffe_3.wav,nomask,no,no,981.780265924,1
PV148,148,XL,2016_Apr_06_1101,LL-Jerry,3,test,160,does-it-have-stripes:camel,visual,Does it have stripes?,camel,camel_3.wav,nomask,no,no,931.762021035,1
PV148,148,XL,2016_Apr_06_1101,LL-Jerry,3,test,161,is-it-used-for-cider:deer,nonvisual,Is it used for cider?,deer,deer_4.wav,mask,no,no,598.942749202,1
PV148,148,XL,2016_Apr_06_1101,LL-Jerry,3,test,162,does-it-have-hooves:elephant,visual,Does it have hooves?,elephant,elephant_3.wav,nomask,no,yes,1206.77786507,0
PV148,148,XL,2016_Apr_06_1101,LL-Jerry,3,test,163,is-it-juicy:pineapple,nonvisual,Is it juicy?,pineapple,pineapple_3.wav,mask,yes,yes,956.775304396,1
PV148,148,XL,2016_Apr_06_1101,LL-Jerry,3,test,164,is-it-a-bird:camel,nonvisual,Is it a bird?,camel,camel_1.wav,nomask,no,no,1440.08559175,1
PV148,148,XL,2016_Apr_06_1101,LL-Jerry,3,test,165,is-it-fast:apple,nonvisual,Is it fast?,apple,apple_1.wav,nomask,no,no,981.742175296,1
PV148,148,XL,2016_Apr_06_1101,LL-Jerry,3,test,166,does-it-lay-eggs:elephant,nonvisual,Does it lay eggs?,elephant,elephant_3.wav,mask,no,no,906.760580372,1
PV148,148,XL,2016_Apr_06_1101,LL-Jerry,3,test,167,does-it-have-hooves:donkey,visual,Does it have hooves?,donkey,donkey_1.wav,mask,yes,yes,706.762820948,1
PV148,148,XL,2016_Apr_06_1101,LL-Jerry,3,test,168,is-it-small:alligator,visual,Is it small?,alligator,alligator_2.wav,mask,no,no,656.772423536,1
PV148,148,XL,2016_Apr_06_1101,LL-Jerry,3,test,169,is-it-used-for-holding-liquids:bottle,nonvisual,Is it used for holding liquids?,bottle,bottle_2.wav,mask,yes,yes,581.754019018,1
PV148,148,XL,2016_Apr_06_1101,LL-Jerry,3,test,170,is-it-clothing:jacket,nonvisual,Is it clothing?,jacket,jacket_3.wav,nomask,yes,yes,748.44213156,1
PV148,148,XL,2016_Apr_06_1101,LL-Jerry,3,test,171,does-it-have-hair:dog,visual,Does it have hair?,dog,dog_4.wav,nomask,yes,yes,1315.10143587,1
PV148,148,XL,2016_Apr_06_1101,LL-Jerry,3,test,172,is-it-large:mouse,visual,Is it large?,mouse,mouse_3.wav,nomask,no,no,881.785707548,1
PV148,148,XL,2016_Apr_06_1101,LL-Jerry,3,test,173,is-it-flat:table,visual,Is it flat?,table,table_2.wav,mask,yes,yes,1206.66999556,1
PV148,148,XL,2016_Apr_06_1101,LL-Jerry,3,test,174,does-it-grow-on-trees:pig,nonvisual,Does it grow on trees?,pig,pig_1.wav,nomask,no,no,631.72617089,1
PV148,148,XL,2016_Apr_06_1101,LL-Jerry,3,test,175,does-it-grow-in-tropical-climates:banana,nonvisual,Does it grow in tropical climates?,banana,banana_3.wav,mask,yes,yes,890.10287635,1
PV148,148,XL,2016_Apr_06_1101,LL-Jerry,3,test,176,does-it-grow-on-trees:donkey,nonvisual,Does it grow on trees?,donkey,donkey_4.wav,mask,no,no,831.762020942,1
PV148,148,XL,2016_Apr_06_1101,LL-Jerry,3,test,177,is-it-an-insect:strawberry,nonvisual,Is it an insect?,strawberry,strawberry_1.wav,nomask,no,no,823.477500584,1
PV148,148,XL,2016_Apr_06_1101,LL-Jerry,3,test,178,is-it-breakable:bottle,nonvisual,Is it breakable?,bottle,bottle_3.wav,mask,yes,yes,931.791788898,1
PV148,148,XL,2016_Apr_06_1101,LL-Jerry,3,test,179,does-it-have-a-tail:lion,visual,Does it have a tail?,lion,lion_4.wav,nomask,yes,yes,1165.09087291,1
PV148,148,XL,2016_Apr_06_1101,LL-Jerry,3,test,180,is-it-used-for-holding-beer:raccoon,nonvisual,Is it used for holding beer?,raccoon,raccoon_1.wav,nomask,no,no,581.780585926,1
PV148,148,XL,2016_Apr_06_1101,LL-Jerry,3,test,181,does-it-have-hooves:zebra,visual,Does it have hooves?,zebra,zebra_2.wav,nomask,yes,yes,1531.63590655,1
PV148,148,XL,2016_Apr_06_1101,LL-Jerry,3,test,182,does-it-have-legs:camel,visual,Does it have legs?,camel,camel_2.wav,mask,yes,yes,748.443411198,1
PV148,148,XL,2016_Apr_06_1101,LL-Jerry,3,test,183,does-it-have-antennae:zebra,visual,Does it have antennae?,zebra,zebra_2.wav,nomask,no,no,781.767782755,1
PV148,148,XL,2016_Apr_06_1101,LL-Jerry,3,test,184,is-it-fast:deer,nonvisual,Is it fast?,deer,deer_4.wav,mask,yes,yes,1523.44741253,1
PV148,148,XL,2016_Apr_06_1101,LL-Jerry,3,test,185,does-it-have-a-hump:swan,visual,Does it have a hump?,swan,swan_1.wav,mask,no,no,773.440690711,1
PV148,148,XL,2016_Apr_06_1101,LL-Jerry,3,test,186,does-it-eat:mouse,nonvisual,Does it eat?,mouse,mouse_4.wav,mask,yes,yes,740.143847652,1
PV148,148,XL,2016_Apr_06_1101,LL-Jerry,3,test,187,is-it-an-animal:alligator,nonvisual,Is it an animal?,alligator,alligator_4.wav,nomask,yes,yes,1065.08735241,1
PV148,148,XL,2016_Apr_06_1101,LL-Jerry,3,test,188,does-it-have-wings:pig,visual,Does it have wings?,pig,pig_2.wav,nomask,no,no,731.75369855,1
PV148,148,XL,2016_Apr_06_1101,LL-Jerry,3,test,189,does-it-have-a-skin:banana,visual,Does it have a skin?,banana,banana_4.wav,mask,yes,no,790.099995211,0
PV148,148,XL,2016_Apr_06_1101,LL-Jerry,3,test,190,does-it-live-on-water:swan,nonvisual,Does it live on water?,swan,swan_2.wav,mask,yes,yes,948.369151447,1
PV148,148,XL,2016_Apr_06_1101,LL-Jerry,3,test,191,is-it-used-for-making-jam:rabbit,nonvisual,Is it used for making jam?,rabbit,rabbit_4.wav,nomask,no,no,739.892898593,1
PV148,148,XL,2016_Apr_06_1101,LL-Jerry,3,test,192,does-it-eat-leaves:giraffe,nonvisual,Does it eat leaves?,giraffe,giraffe_3.wav,nomask,yes,yes,1256.75545912,1
PV148,148,XL,2016_Apr_06_1101,LL-Jerry,3,test,193,is-it-used-for-relaxing:tiger,nonvisual,Is it used for relaxing?,tiger,tiger_2.wav,nomask,no,no,1281.74825711,1
PV148,148,XL,2016_Apr_06_1101,LL-Jerry,3,test,194,does-it-have-an-engine:grasshopper,visual,Does it have an engine?,grasshopper,grasshopper_1.wav,nomask,no,no,673.422765918,1
PV148,148,XL,2016_Apr_06_1101,LL-Jerry,3,test,195,is-it-furry:toad,nonvisual,Is it furry?,toad,toad_3.wav,mask,no,no,807.2781628,1
PV148,148,XL,2016_Apr_06_1101,LL-Jerry,3,test,196,is-it-grey:lion,visual,Is it grey?,lion,lion_1.wav,nomask,no,no,798.336822074,1
PV148,148,XL,2016_Apr_06_1101,LL-Jerry,3,test,197,is-it-black:apple,visual,Is it black?,apple,apple_1.wav,nomask,no,no,731.766501907,1
PV148,148,XL,2016_Apr_06_1101,LL-Jerry,3,test,198,is-it-a-carnivore:lion,nonvisual,Is it a carnivore?,lion,lion_3.wav,mask,yes,yes,1423.43941052,1
PV148,148,XL,2016_Apr_06_1101,LL-Jerry,3,test,199,does-it-have-hooves:chicken,visual,Does it have hooves?,chicken,chicken_4.wav,mask,no,no,948.427727446,1
PV148,148,XL,2016_Apr_06_1101,LL-Jerry,3,test,200,does-it-eat-peanuts:elephant,nonvisual,Does it eat peanuts?,elephant,elephant_3.wav,mask,yes,no,1056.77146325,0
