proposition_id,difficulty_count,difficulty_mean,facts_count,facts_mean,imagery_count,imagery_mean,senses_count,senses_mean,truth_count,truth_mean,question,cue,question_slug,correct_response,feat_type,prop_visual
does-it-bark:dog,15.0,-1.4,12.0,1.33333333333,12.0,1.41666666667,3.0,1.0,15.0,1.4,Does it bark?,dog,does-it-bark,yes,nonvisual,0.642857142857
does-it-chase-cats:dog,8.0,-1.125,5.0,1.2,5.0,1.4,3.0,2.0,8.0,0.875,Does it chase cats?,dog,does-it-chase-cats,yes,nonvisual,0.642857142857
does-it-have-a-caboose:dog,11.0,-1.18181818182,8.0,1.0,8.0,0.75,3.0,1.66666666667,11.0,-1.63636363636,Does it have a caboose?,dog,does-it-have-a-caboose,no,visual,0.642857142857
does-it-have-a-mask:dog,13.0,-1.61538461538,6.0,0.666666666667,6.0,0.833333333333,7.0,1.28571428571,13.0,-1.61538461538,Does it have a mask?,dog,does-it-have-a-mask,no,visual,0.642857142857
does-it-have-a-nose:dog,7.0,-1.85714285714,4.0,0.0,4.0,1.25,3.0,2.0,7.0,1.85714285714,Does it have a nose?,dog,does-it-have-a-nose,yes,visual,0.642857142857
does-it-have-a-tail:dog,14.0,-1.64285714286,7.0,1.28571428571,7.0,2.0,7.0,1.14285714286,14.0,1.57142857143,Does it have a tail?,dog,does-it-have-a-tail,yes,visual,0.642857142857
does-it-have-a-top:dog,8.0,-0.5,4.0,1.25,4.0,1.5,4.0,2.0,8.0,0.125,Does it have a top?,dog,does-it-have-a-top,yes,visual,0.642857142857
does-it-have-antlers:dog,8.0,-1.25,4.0,0.0,4.0,1.75,4.0,1.75,8.0,-1.875,Does it have antlers?,dog,does-it-have-antlers,no,visual,0.642857142857
does-it-have-four-legs:dog,10.0,-1.9,4.0,1.0,4.0,1.25,6.0,1.16666666667,10.0,1.7,Does it have four legs?,dog,does-it-have-four-legs,yes,visual,0.642857142857
does-it-have-hair:dog,10.0,-1.8,5.0,1.0,5.0,2.0,5.0,2.4,10.0,1.4,Does it have hair?,dog,does-it-have-hair,yes,visual,0.642857142857
does-it-have-legs:dog,10.0,-2.0,5.0,0.8,5.0,1.4,5.0,1.6,10.0,1.9,Does it have legs?,dog,does-it-have-legs,yes,visual,0.642857142857
does-it-hop:dog,10.0,-1.1,5.0,1.2,5.0,1.8,5.0,1.8,10.0,-1.0,Does it hop?,dog,does-it-hop,no,nonvisual,0.642857142857
does-it-lay-eggs:dog,8.0,-1.75,6.0,0.0,6.0,1.0,2.0,3.5,8.0,-1.625,Does it lay eggs?,dog,does-it-lay-eggs,no,nonvisual,0.642857142857
is-it-a-pet:dog,7.0,-1.85714285714,6.0,0.0,6.0,0.666666666667,1.0,1.0,7.0,1.57142857143,Is it a pet?,dog,is-it-a-pet,yes,nonvisual,0.642857142857
is-it-an-animal:dog,9.0,-1.88888888889,7.0,1.57142857143,7.0,1.42857142857,2.0,1.0,9.0,2.0,Is it an animal?,dog,is-it-an-animal,yes,nonvisual,0.642857142857
is-it-eaten-as-bacon:dog,8.0,-1.875,3.0,0.0,3.0,0.333333333333,5.0,3.0,8.0,-2.0,Is it eaten as bacon?,dog,is-it-eaten-as-bacon,no,nonvisual,0.642857142857
is-it-eaten-in-pies:dog,10.0,-1.3,7.0,0.571428571429,7.0,0.857142857143,3.0,3.0,10.0,-1.7,Is it eaten in pies?,dog,is-it-eaten-in-pies,no,nonvisual,0.642857142857
is-it-pink:dog,16.0,-1.375,9.0,0.444444444444,9.0,1.33333333333,7.0,1.85714285714,16.0,-1.4375,Is it pink?,dog,is-it-pink,no,visual,0.642857142857
is-it-prickly:dog,8.0,-1.75,6.0,0.833333333333,6.0,2.0,2.0,2.5,8.0,-1.625,Is it prickly?,dog,is-it-prickly,no,nonvisual,0.642857142857
is-it-used-for-protection:dog,11.0,-1.18181818182,6.0,0.666666666667,6.0,1.16666666667,5.0,2.4,11.0,0.454545454545,Is it used for protection?,dog,is-it-used-for-protection,yes,nonvisual,0.642857142857
does-it-bark:toad,10.0,-1.7,5.0,1.2,5.0,1.0,5.0,2.0,10.0,-1.8,Does it bark?,toad,does-it-bark,no,nonvisual,0.631578947368
does-it-eat-insects:toad,5.0,-1.4,4.0,2.0,4.0,1.5,1.0,2.0,5.0,1.6,Does it eat insects?,toad,does-it-eat-insects,yes,nonvisual,0.631578947368
does-it-eat:toad,8.0,-1.625,6.0,1.0,6.0,1.0,2.0,2.0,8.0,2.0,Does it eat?,toad,does-it-eat,yes,nonvisual,0.631578947368
does-it-have-a-long-tongue:toad,10.0,-1.1,5.0,0.8,5.0,2.0,5.0,1.6,10.0,1.0,Does it have a long tongue?,toad,does-it-have-a-long-tongue,yes,visual,0.631578947368
does-it-have-a-peel:toad,13.0,-1.46153846154,5.0,1.4,5.0,1.4,8.0,1.5,13.0,-1.92307692308,Does it have a peel?,toad,does-it-have-a-peel,no,visual,0.631578947368
does-it-have-a-tail:toad,9.0,-1.33333333333,6.0,1.16666666667,6.0,1.0,3.0,2.66666666667,9.0,-1.66666666667,Does it have a tail?,toad,does-it-have-a-tail,no,visual,0.631578947368
does-it-have-handle-bars:toad,10.0,-1.8,6.0,0.166666666667,6.0,0.333333333333,4.0,2.5,10.0,-1.7,Does it have handle bars?,toad,does-it-have-handle-bars,no,visual,0.631578947368
does-it-have-warts:toad,12.0,-1.08333333333,5.0,1.8,5.0,2.0,7.0,2.14285714286,12.0,0.583333333333,Does it have warts?,toad,does-it-have-warts,yes,visual,0.631578947368
does-it-have-whiskers:toad,11.0,-1.63636363636,4.0,1.5,4.0,1.0,7.0,1.42857142857,11.0,-2.0,Does it have whiskers?,toad,does-it-have-whiskers,no,visual,0.631578947368
does-it-hop:toad,9.0,-1.55555555556,7.0,0.857142857143,7.0,1.42857142857,2.0,1.5,9.0,1.77777777778,Does it hop?,toad,does-it-hop,yes,nonvisual,0.631578947368
does-it-run-fast:toad,10.0,-0.7,4.0,1.0,4.0,1.0,6.0,3.66666666667,10.0,-1.1,Does it run fast?,toad,does-it-run-fast,no,nonvisual,0.631578947368
does-it-taste-good:toad,12.0,-1.25,7.0,1.57142857143,7.0,0.857142857143,5.0,1.2,12.0,-1.16666666667,Does it taste good?,toad,does-it-taste-good,no,nonvisual,0.631578947368
is-it-an-amphibian:toad,8.0,-1.125,4.0,2.5,4.0,1.75,4.0,4.0,8.0,1.75,Is it an amphibian?,toad,is-it-an-amphibian,yes,nonvisual,0.631578947368
is-it-furry:toad,11.0,-1.72727272727,5.0,0.4,5.0,1.2,6.0,2.16666666667,11.0,-2.0,Is it furry?,toad,is-it-furry,no,nonvisual,0.631578947368
is-it-green:toad,9.0,-1.55555555556,2.0,1.5,2.0,1.5,7.0,1.14285714286,9.0,0.777777777778,Is it green?,toad,is-it-green,yes,visual,0.631578947368
is-it-small:toad,6.0,-1.33333333333,4.0,0.75,4.0,2.75,2.0,2.0,6.0,1.16666666667,Is it small?,toad,is-it-small,yes,visual,0.631578947368
does-it-chase-cats:donkey,9.0,-1.55555555556,6.0,0.5,6.0,0.5,3.0,2.33333333333,9.0,-1.88888888889,Does it chase cats?,donkey,does-it-chase-cats,no,nonvisual,0.5
does-it-eat-peanuts:donkey,7.0,-0.571428571429,3.0,1.33333333333,3.0,1.33333333333,4.0,3.0,7.0,0.0,Does it eat peanuts?,donkey,does-it-eat-peanuts,no,nonvisual,0.5
does-it-grow-on-trees:donkey,8.0,-1.875,5.0,1.0,5.0,1.6,3.0,2.33333333333,8.0,-2.0,Does it grow on trees?,donkey,does-it-grow-on-trees,no,nonvisual,0.5
does-it-have-a-pointed-end:donkey,12.0,-1.33333333333,5.0,0.2,5.0,1.4,7.0,1.71428571429,12.0,-1.58333333333,Does it have a pointed end?,donkey,does-it-have-a-pointed-end,no,visual,0.5
does-it-have-a-tail:donkey,7.0,-1.28571428571,3.0,2.0,3.0,2.66666666667,4.0,1.75,7.0,1.28571428571,Does it have a tail?,donkey,does-it-have-a-tail,yes,visual,0.5
does-it-have-four-legs:donkey,5.0,-2.0,4.0,0.25,4.0,2.0,1.0,5.0,5.0,2.0,Does it have four legs?,donkey,does-it-have-four-legs,yes,visual,0.5
does-it-have-hooves:donkey,11.0,-0.818181818182,7.0,1.57142857143,7.0,2.57142857143,4.0,2.0,11.0,1.18181818182,Does it have hooves?,donkey,does-it-have-hooves,yes,visual,0.5
does-it-have-legs:donkey,14.0,-1.64285714286,7.0,0.857142857143,7.0,1.0,7.0,1.28571428571,14.0,1.85714285714,Does it have legs?,donkey,does-it-have-legs,yes,visual,0.5
does-it-have-stripes:donkey,9.0,-1.44444444444,4.0,0.25,4.0,0.75,5.0,2.0,9.0,-1.33333333333,Does it have stripes?,donkey,does-it-have-stripes,no,visual,0.5
does-it-lay-eggs:donkey,16.0,-1.625,6.0,0.666666666667,6.0,0.0,10.0,2.7,16.0,-1.875,Does it lay eggs?,donkey,does-it-lay-eggs,no,nonvisual,0.5
does-it-make-noises:donkey,8.0,-1.375,5.0,1.0,5.0,1.4,3.0,1.33333333333,8.0,1.0,Does it make noises?,donkey,does-it-make-noises,yes,nonvisual,0.5
is-it-a-mammal:donkey,5.0,-1.4,1.0,2.0,1.0,2.0,4.0,4.0,5.0,2.0,Is it a mammal?,donkey,is-it-a-mammal,yes,nonvisual,0.5
is-it-an-animal:donkey,5.0,-1.8,3.0,2.33333333333,3.0,2.0,2.0,1.0,5.0,2.0,Is it an animal?,donkey,is-it-an-animal,yes,nonvisual,0.5
is-it-furniture:donkey,5.0,-1.6,5.0,0.6,5.0,1.6,,,5.0,-1.6,Is it furniture?,donkey,is-it-furniture,no,nonvisual,0.5
is-it-furry:donkey,13.0,-1.07692307692,9.0,1.44444444444,9.0,2.33333333333,4.0,2.0,13.0,1.15384615385,Is it furry?,donkey,is-it-furry,yes,nonvisual,0.5
is-it-like-a-horse:donkey,9.0,-1.44444444444,5.0,1.2,5.0,2.2,4.0,3.25,9.0,1.11111111111,Is it like a horse?,donkey,is-it-like-a-horse,yes,nonvisual,0.5
is-it-round:donkey,13.0,-1.30769230769,5.0,1.2,5.0,2.2,8.0,1.5,13.0,-1.61538461538,Is it round?,donkey,is-it-round,no,visual,0.5
is-it-small:donkey,9.0,-1.22222222222,3.0,0.666666666667,3.0,1.0,6.0,1.16666666667,9.0,-0.888888888889,Is it small?,donkey,is-it-small,no,visual,0.5
does-it-drink-water:camel,9.0,-1.22222222222,6.0,0.666666666667,6.0,0.5,3.0,2.33333333333,9.0,1.88888888889,Does it drink water?,camel,does-it-drink-water,yes,nonvisual,0.461538461538
does-it-eat:camel,9.0,-1.44444444444,8.0,1.25,8.0,1.625,1.0,5.0,9.0,1.44444444444,Does it eat?,camel,does-it-eat,yes,nonvisual,0.461538461538
does-it-have-a-cork:camel,7.0,-1.57142857143,4.0,0.75,4.0,1.75,3.0,1.33333333333,7.0,-2.0,Does it have a cork?,camel,does-it-have-a-cork,no,visual,0.461538461538
does-it-have-a-hump:camel,5.0,-2.0,5.0,1.0,5.0,1.6,,,5.0,2.0,Does it have a hump?,camel,does-it-have-a-hump,yes,visual,0.461538461538
does-it-have-green-leaves:camel,11.0,-1.63636363636,8.0,1.25,8.0,1.0,3.0,2.0,11.0,-2.0,Does it have green leaves?,camel,does-it-have-green-leaves,no,visual,0.461538461538
does-it-have-legs:camel,12.0,-1.83333333333,6.0,1.83333333333,6.0,0.666666666667,6.0,1.16666666667,12.0,2.0,Does it have legs?,camel,does-it-have-legs,yes,visual,0.461538461538
does-it-have-seeds:camel,12.0,-1.41666666667,6.0,1.83333333333,6.0,1.16666666667,6.0,1.66666666667,12.0,-2.0,Does it have seeds?,camel,does-it-have-seeds,no,visual,0.461538461538
does-it-have-stripes:camel,6.0,-1.33333333333,3.0,0.666666666667,3.0,1.0,3.0,2.33333333333,6.0,-1.5,Does it have stripes?,camel,does-it-have-stripes,no,visual,0.461538461538
does-it-have-whiskers:camel,13.0,-0.461538461538,8.0,0.875,8.0,1.75,5.0,1.6,13.0,-0.538461538462,Does it have whiskers?,camel,does-it-have-whiskers,no,visual,0.461538461538
does-it-live-in-a-coop:camel,9.0,-1.11111111111,5.0,1.6,5.0,1.6,4.0,2.25,9.0,-1.55555555556,Does it live in a coop?,camel,does-it-live-in-a-coop,no,nonvisual,0.461538461538
does-it-live-in-the-desert:camel,12.0,-1.33333333333,8.0,1.375,8.0,1.375,4.0,2.25,12.0,1.33333333333,Does it live in the desert?,camel,does-it-live-in-the-desert,yes,nonvisual,0.461538461538
does-it-live-on-a-farm:camel,10.0,-1.2,4.0,1.75,4.0,1.5,6.0,3.0,10.0,-0.7,Does it live on a farm?,camel,does-it-live-on-a-farm,no,nonvisual,0.461538461538
does-it-spit:camel,9.0,-1.44444444444,6.0,2.5,6.0,1.83333333333,3.0,2.33333333333,9.0,1.11111111111,Does it spit?,camel,does-it-spit,yes,nonvisual,0.461538461538
is-it-a-bird:camel,5.0,-1.8,2.0,1.0,2.0,1.0,3.0,1.0,5.0,-2.0,Is it a bird?,camel,is-it-a-bird,no,nonvisual,0.461538461538
is-it-a-mammal:camel,8.0,-1.5,6.0,2.0,6.0,0.5,2.0,2.5,8.0,1.75,Is it a mammal?,camel,is-it-a-mammal,yes,nonvisual,0.461538461538
is-it-beige:camel,15.0,-0.8,5.0,0.6,5.0,1.8,10.0,1.9,15.0,0.6,Is it beige?,camel,is-it-beige,yes,visual,0.461538461538
is-it-brown:camel,8.0,-1.125,4.0,1.5,4.0,1.5,4.0,2.5,8.0,0.875,Is it brown?,camel,is-it-brown,yes,visual,0.461538461538
is-it-graceful:camel,11.0,-0.636363636364,5.0,1.0,5.0,2.0,6.0,2.33333333333,11.0,-0.636363636364,Is it graceful?,camel,is-it-graceful,no,nonvisual,0.461538461538
is-it-large:camel,8.0,-1.875,4.0,0.5,4.0,1.75,4.0,1.25,8.0,1.25,Is it large?,camel,is-it-large,yes,visual,0.461538461538
is-it-used-by-riding:camel,12.0,-1.5,7.0,0.857142857143,7.0,0.857142857143,5.0,2.0,12.0,1.66666666667,Is it used by riding?,camel,is-it-used-by-riding,yes,nonvisual,0.461538461538
does-it-eat-carrots:rabbit,13.0,-1.30769230769,7.0,2.14285714286,7.0,1.85714285714,6.0,2.66666666667,13.0,1.53846153846,Does it eat carrots?,rabbit,does-it-eat-carrots,yes,nonvisual,0.666666666667
does-it-have-a-seat:rabbit,7.0,-1.71428571429,5.0,0.0,5.0,0.2,2.0,1.5,7.0,-1.57142857143,Does it have a seat?,rabbit,does-it-have-a-seat,no,visual,0.666666666667
does-it-have-a-tail:rabbit,10.0,-1.6,8.0,0.875,8.0,1.625,2.0,1.5,10.0,1.6,Does it have a tail?,rabbit,does-it-have-a-tail,yes,visual,0.666666666667
does-it-have-ears:rabbit,8.0,-1.75,4.0,0.5,4.0,2.0,4.0,1.25,8.0,2.0,Does it have ears?,rabbit,does-it-have-ears,yes,visual,0.666666666667
does-it-have-feet:rabbit,11.0,-1.63636363636,6.0,0.5,6.0,1.66666666667,5.0,2.8,11.0,2.0,Does it have feet?,rabbit,does-it-have-feet,yes,visual,0.666666666667
does-it-have-spots:rabbit,12.0,-1.5,4.0,1.25,4.0,2.0,8.0,2.375,12.0,-0.416666666667,Does it have spots?,rabbit,does-it-have-spots,no,visual,0.666666666667
does-it-have-whiskers:rabbit,13.0,-1.23076923077,6.0,0.166666666667,6.0,2.33333333333,7.0,1.85714285714,13.0,1.07692307692,Does it have whiskers?,rabbit,does-it-have-whiskers,yes,visual,0.666666666667
does-it-hop:rabbit,11.0,-1.90909090909,5.0,1.0,5.0,2.0,6.0,1.66666666667,11.0,1.81818181818,Does it hop?,rabbit,does-it-hop,yes,nonvisual,0.666666666667
does-it-live-in-zoos:rabbit,11.0,-0.636363636364,9.0,1.22222222222,9.0,1.22222222222,2.0,2.0,11.0,-0.454545454545,Does it live in zoos?,rabbit,does-it-live-in-zoos,no,nonvisual,0.666666666667
does-it-make-noises:rabbit,11.0,-0.909090909091,6.0,1.83333333333,6.0,1.0,5.0,1.4,11.0,0.818181818182,Does it make noises?,rabbit,does-it-make-noises,yes,nonvisual,0.666666666667
does-it-roar:rabbit,8.0,-1.375,6.0,0.833333333333,6.0,1.16666666667,2.0,2.0,8.0,-1.625,Does it roar?,rabbit,does-it-roar,no,nonvisual,0.666666666667
is-it-a-fruit:rabbit,10.0,-1.8,5.0,1.0,5.0,0.4,5.0,3.2,10.0,-2.0,Is it a fruit?,rabbit,is-it-a-fruit,no,nonvisual,0.666666666667
is-it-a-pet:rabbit,6.0,-1.83333333333,5.0,0.2,5.0,1.2,1.0,3.0,6.0,0.5,Is it a pet?,rabbit,is-it-a-pet,yes,nonvisual,0.666666666667
is-it-edible:rabbit,8.0,-1.25,5.0,0.8,5.0,0.2,3.0,2.66666666667,8.0,1.625,Is it edible?,rabbit,is-it-edible,yes,nonvisual,0.666666666667
is-it-flat:rabbit,14.0,-1.5,6.0,0.5,6.0,0.666666666667,8.0,1.75,14.0,-1.71428571429,Is it flat?,rabbit,is-it-flat,no,visual,0.666666666667
is-it-hunted-by-people:rabbit,10.0,-0.8,4.0,1.0,4.0,1.5,6.0,3.33333333333,10.0,0.8,Is it hunted by people?,rabbit,is-it-hunted-by-people,yes,nonvisual,0.666666666667
is-it-made-of-metal:rabbit,13.0,-1.53846153846,4.0,0.75,4.0,1.25,9.0,1.44444444444,13.0,-1.61538461538,Is it made of metal?,rabbit,is-it-made-of-metal,no,visual,0.666666666667
is-it-used-for-making-jam:rabbit,10.0,-1.8,4.0,1.0,4.0,0.5,6.0,3.33333333333,10.0,-1.9,Is it used for making jam?,rabbit,is-it-used-for-making-jam,no,nonvisual,0.666666666667
does-it-eat-cheese:lion,11.0,-1.0,5.0,1.0,5.0,1.0,6.0,1.83333333333,11.0,-0.727272727273,Does it eat cheese?,lion,does-it-eat-cheese,no,nonvisual,0.461538461538
does-it-have-a-long-neck:lion,10.0,-1.2,6.0,1.33333333333,6.0,2.16666666667,4.0,1.0,10.0,-1.6,Does it have a long neck?,lion,does-it-have-a-long-neck,no,visual,0.461538461538
does-it-have-a-mane:lion,7.0,-1.57142857143,5.0,1.6,5.0,0.8,2.0,2.5,7.0,0.857142857143,Does it have a mane?,lion,does-it-have-a-mane,yes,visual,0.461538461538
does-it-have-a-tail:lion,8.0,-2.0,4.0,1.0,4.0,1.5,4.0,1.0,8.0,2.0,Does it have a tail?,lion,does-it-have-a-tail,yes,visual,0.461538461538
does-it-have-fur:lion,14.0,-1.57142857143,7.0,0.571428571429,7.0,1.28571428571,7.0,1.71428571429,14.0,1.78571428571,Does it have fur?,lion,does-it-have-fur,yes,visual,0.461538461538
does-it-have-long-legs:lion,6.0,-1.16666666667,4.0,1.0,4.0,1.75,2.0,3.0,6.0,-0.5,Does it have long legs?,lion,does-it-have-long-legs,no,visual,0.461538461538
does-it-have-teeth:lion,10.0,-1.9,8.0,1.125,8.0,1.125,2.0,1.0,10.0,1.9,Does it have teeth?,lion,does-it-have-teeth,yes,visual,0.461538461538
does-it-have-wings:lion,13.0,-1.76923076923,3.0,0.0,3.0,1.33333333333,10.0,2.6,13.0,-1.92307692308,Does it have wings?,lion,does-it-have-wings,no,visual,0.461538461538
does-it-lay-eggs:lion,6.0,-1.83333333333,4.0,1.0,4.0,0.5,2.0,3.0,6.0,-2.0,Does it lay eggs?,lion,does-it-lay-eggs,no,nonvisual,0.461538461538
does-it-live-in-jungles:lion,10.0,-0.9,5.0,2.0,5.0,2.0,5.0,2.8,10.0,-0.1,Does it live in jungles?,lion,does-it-live-in-jungles,yes,nonvisual,0.461538461538
does-it-roar:lion,5.0,-1.8,4.0,2.0,4.0,2.0,1.0,4.0,5.0,2.0,Does it roar?,lion,does-it-roar,yes,nonvisual,0.461538461538
does-it-waddle:lion,7.0,-1.42857142857,4.0,0.75,4.0,1.75,3.0,1.33333333333,7.0,-1.71428571429,Does it waddle?,lion,does-it-waddle,no,nonvisual,0.461538461538
is-it-a-carnivore:lion,12.0,-1.58333333333,8.0,1.5,8.0,1.375,4.0,3.25,12.0,1.58333333333,Is it a carnivore?,lion,is-it-a-carnivore,yes,nonvisual,0.461538461538
is-it-a-mammal:lion,12.0,-1.08333333333,6.0,1.66666666667,6.0,0.666666666667,6.0,3.83333333333,12.0,1.75,Is it a mammal?,lion,is-it-a-mammal,yes,nonvisual,0.461538461538
is-it-an-animal:lion,13.0,-1.76923076923,8.0,0.875,8.0,1.375,5.0,1.8,13.0,1.84615384615,Is it an animal?,lion,is-it-an-animal,yes,nonvisual,0.461538461538
is-it-found-in-kitchens:lion,7.0,-1.85714285714,5.0,0.2,5.0,0.2,2.0,3.0,7.0,-2.0,Is it found in kitchens?,lion,is-it-found-in-kitchens,no,nonvisual,0.461538461538
is-it-grey:lion,17.0,-1.52941176471,9.0,0.777777777778,9.0,0.666666666667,8.0,1.25,17.0,-1.52941176471,Is it grey?,lion,is-it-grey,no,visual,0.461538461538
is-it-yellow-inside:lion,11.0,-0.545454545455,4.0,1.25,4.0,1.25,7.0,2.14285714286,11.0,-1.45454545455,Is it yellow inside?,lion,is-it-yellow-inside,no,visual,0.461538461538
does-it-eat-cheese:mouse,8.0,-0.875,4.0,1.75,4.0,0.75,4.0,2.25,8.0,1.375,Does it eat cheese?,mouse,does-it-eat-cheese,yes,nonvisual,0.470588235294
does-it-eat:mouse,12.0,-1.75,6.0,0.833333333333,6.0,1.33333333333,6.0,2.33333333333,12.0,1.75,Does it eat?,mouse,does-it-eat,yes,nonvisual,0.470588235294
does-it-have-a-tail:mouse,9.0,-1.88888888889,5.0,0.2,5.0,1.6,4.0,1.25,9.0,1.77777777778,Does it have a tail?,mouse,does-it-have-a-tail,yes,visual,0.470588235294
does-it-have-a-white-tail:mouse,9.0,-0.777777777778,6.0,1.0,6.0,2.0,3.0,3.0,9.0,-0.111111111111,Does it have a white tail?,mouse,does-it-have-a-white-tail,yes,visual,0.470588235294
does-it-have-fur:mouse,9.0,-1.55555555556,7.0,2.14285714286,7.0,2.57142857143,2.0,1.0,9.0,1.55555555556,Does it have fur?,mouse,does-it-have-fur,yes,visual,0.470588235294
does-it-have-gears:mouse,11.0,-1.90909090909,6.0,0.333333333333,6.0,1.0,5.0,2.4,11.0,-2.0,Does it have gears?,mouse,does-it-have-gears,no,visual,0.470588235294
does-it-have-stripes:mouse,9.0,-1.22222222222,5.0,1.4,5.0,2.0,4.0,1.5,9.0,-1.55555555556,Does it have stripes?,mouse,does-it-have-stripes,no,visual,0.470588235294
does-it-have-whiskers:mouse,5.0,-1.6,3.0,0.333333333333,3.0,1.33333333333,2.0,2.5,5.0,0.8,Does it have whiskers?,mouse,does-it-have-whiskers,yes,visual,0.470588235294
does-it-live-in-zoos:mouse,15.0,-1.06666666667,10.0,1.3,10.0,1.5,5.0,2.6,15.0,-0.533333333333,Does it live in zoos?,mouse,does-it-live-in-zoos,no,nonvisual,0.470588235294
does-it-live-on-water:mouse,14.0,-1.64285714286,9.0,1.77777777778,9.0,1.66666666667,5.0,1.6,14.0,-1.92857142857,Does it live on water?,mouse,does-it-live-on-water,no,nonvisual,0.470588235294
is-it-a-fruit:mouse,8.0,-2.0,4.0,0.25,4.0,1.0,4.0,3.0,8.0,-2.0,Is it a fruit?,mouse,is-it-a-fruit,no,nonvisual,0.470588235294
is-it-a-rodent:mouse,8.0,-1.75,7.0,1.14285714286,7.0,1.14285714286,1.0,4.0,8.0,1.5,Is it a rodent?,mouse,is-it-a-rodent,yes,nonvisual,0.470588235294
is-it-an-animal:mouse,11.0,-1.36363636364,6.0,0.666666666667,6.0,0.833333333333,5.0,2.0,11.0,1.54545454545,Is it an animal?,mouse,is-it-an-animal,yes,nonvisual,0.470588235294
is-it-grey:mouse,18.0,-1.33333333333,8.0,1.75,8.0,2.0,10.0,1.6,18.0,0.555555555556,Is it grey?,mouse,is-it-grey,yes,visual,0.470588235294
is-it-hunted-by-people:mouse,7.0,-1.42857142857,5.0,1.0,5.0,1.0,2.0,1.5,7.0,-0.142857142857,Is it hunted by people?,mouse,is-it-hunted-by-people,no,nonvisual,0.470588235294
is-it-large:mouse,9.0,-1.66666666667,8.0,1.25,8.0,0.75,1.0,2.0,9.0,-1.55555555556,Is it large?,mouse,is-it-large,no,visual,0.470588235294
is-it-used-for-transportation:mouse,6.0,-1.66666666667,4.0,1.0,4.0,1.5,2.0,1.0,6.0,-1.83333333333,Is it used for transportation?,mouse,is-it-used-for-transportation,no,nonvisual,0.470588235294
is-it-used-in-experiments:mouse,5.0,-1.2,3.0,2.66666666667,3.0,0.666666666667,2.0,2.5,5.0,1.6,Is it used in experiments?,mouse,is-it-used-in-experiments,yes,nonvisual,0.470588235294
does-it-eat-garbage:raccoon,10.0,-1.8,5.0,1.0,5.0,1.0,5.0,3.2,10.0,1.1,Does it eat garbage?,raccoon,does-it-eat-garbage,yes,nonvisual,0.545454545455
does-it-have-a-beak:raccoon,14.0,-1.85714285714,9.0,0.333333333333,9.0,0.666666666667,5.0,2.4,14.0,-2.0,Does it have a beak?,raccoon,does-it-have-a-beak,no,visual,0.545454545455
does-it-have-a-long-neck:raccoon,10.0,-1.1,5.0,1.4,5.0,2.2,5.0,1.8,10.0,-1.3,Does it have a long neck?,raccoon,does-it-have-a-long-neck,no,visual,0.545454545455
does-it-have-a-mane:raccoon,10.0,-1.1,5.0,1.4,5.0,2.2,5.0,2.0,10.0,-1.6,Does it have a mane?,raccoon,does-it-have-a-mane,no,visual,0.545454545455
does-it-have-a-mask:raccoon,12.0,-1.33333333333,5.0,2.2,5.0,2.4,7.0,2.71428571429,12.0,-0.166666666667,Does it have a mask?,raccoon,does-it-have-a-mask,yes,visual,0.545454545455
does-it-have-a-tail:raccoon,14.0,-1.64285714286,5.0,0.4,5.0,1.2,9.0,1.33333333333,14.0,1.85714285714,Does it have a tail?,raccoon,does-it-have-a-tail,yes,visual,0.545454545455
does-it-have-eyes:raccoon,12.0,-1.83333333333,5.0,0.8,5.0,1.2,7.0,1.57142857143,12.0,2.0,Does it have eyes?,raccoon,does-it-have-eyes,yes,visual,0.545454545455
does-it-have-green-leaves:raccoon,7.0,-1.85714285714,6.0,0.5,6.0,0.0,1.0,4.0,7.0,-2.0,Does it have green leaves?,raccoon,does-it-have-green-leaves,no,visual,0.545454545455
does-it-have-seeds:raccoon,12.0,-1.66666666667,5.0,0.8,5.0,1.2,7.0,2.71428571429,12.0,-1.83333333333,Does it have seeds?,raccoon,does-it-have-seeds,no,visual,0.545454545455
does-it-have-stripes:raccoon,8.0,-0.625,6.0,1.0,6.0,1.66666666667,2.0,3.0,8.0,0.25,Does it have stripes?,raccoon,does-it-have-stripes,yes,visual,0.545454545455
does-it-hop:raccoon,9.0,-0.888888888889,5.0,1.4,5.0,1.6,4.0,1.75,9.0,-0.888888888889,Does it hop?,raccoon,does-it-hop,no,nonvisual,0.545454545455
does-it-produce-offspring:raccoon,8.0,-1.375,4.0,0.75,4.0,1.0,4.0,1.5,8.0,1.75,Does it produce offspring?,raccoon,does-it-produce-offspring,yes,nonvisual,0.545454545455
does-it-spit:raccoon,5.0,-0.6,3.0,0.0,3.0,0.666666666667,2.0,3.0,5.0,0.4,Does it spit?,raccoon,does-it-spit,no,nonvisual,0.545454545455
is-it-black:raccoon,9.0,-0.666666666667,4.0,1.25,4.0,1.75,5.0,1.4,9.0,-0.111111111111,Is it black?,raccoon,is-it-black,no,visual,0.545454545455
is-it-furry:raccoon,12.0,-1.58333333333,5.0,1.6,5.0,1.8,7.0,1.57142857143,12.0,1.66666666667,Is it furry?,raccoon,is-it-furry,yes,nonvisual,0.545454545455
is-it-nocturnal:raccoon,5.0,-0.8,5.0,2.0,5.0,1.6,,,5.0,1.2,Is it nocturnal?,raccoon,is-it-nocturnal,yes,nonvisual,0.545454545455
is-it-used-for-holding-beer:raccoon,6.0,-1.66666666667,4.0,0.75,4.0,1.25,2.0,1.0,6.0,-2.0,Is it used for holding beer?,raccoon,is-it-used-for-holding-beer,no,nonvisual,0.545454545455
is-it-used-for-protection:raccoon,9.0,-1.0,4.0,0.5,4.0,1.0,5.0,3.6,9.0,-1.44444444444,Is it used for protection?,raccoon,is-it-used-for-protection,no,nonvisual,0.545454545455
does-it-eat-garbage:zebra,9.0,-0.555555555556,3.0,1.66666666667,3.0,1.0,6.0,3.66666666667,9.0,-1.44444444444,Does it eat garbage?,zebra,does-it-eat-garbage,no,nonvisual,0.538461538462
does-it-have-a-mane:zebra,8.0,-0.5,4.0,1.5,4.0,1.5,4.0,2.75,8.0,1.0,Does it have a mane?,zebra,does-it-have-a-mane,yes,visual,0.538461538462
does-it-have-antennae:zebra,9.0,-1.66666666667,3.0,0.0,3.0,0.0,6.0,1.33333333333,9.0,-1.77777777778,Does it have antennae?,zebra,does-it-have-antennae,no,visual,0.538461538462
does-it-have-four-legs:zebra,10.0,-1.8,5.0,1.2,5.0,1.0,5.0,1.8,10.0,1.8,Does it have four legs?,zebra,does-it-have-four-legs,yes,visual,0.538461538462
does-it-have-hooves:zebra,7.0,-1.42857142857,2.0,0.5,2.0,2.0,5.0,1.8,7.0,1.71428571429,Does it have hooves?,zebra,does-it-have-hooves,yes,visual,0.538461538462
does-it-have-jaws:zebra,11.0,-1.18181818182,7.0,1.0,7.0,1.42857142857,4.0,2.25,11.0,1.0,Does it have jaws?,zebra,does-it-have-jaws,yes,visual,0.538461538462
does-it-have-stripes:zebra,9.0,-1.66666666667,4.0,1.0,4.0,1.75,5.0,2.2,9.0,1.55555555556,Does it have stripes?,zebra,does-it-have-stripes,yes,visual,0.538461538462
does-it-live-in-africa:zebra,15.0,-1.06666666667,6.0,1.83333333333,6.0,1.33333333333,9.0,2.88888888889,15.0,1.26666666667,Does it live in Africa?,zebra,does-it-live-in-africa,yes,nonvisual,0.538461538462
does-it-live-in-jungles:zebra,8.0,-1.0,5.0,1.6,5.0,1.4,3.0,3.33333333333,8.0,-1.0,Does it live in jungles?,zebra,does-it-live-in-jungles,no,nonvisual,0.538461538462
does-it-live-in-water:zebra,11.0,-1.54545454545,5.0,1.4,5.0,0.4,6.0,1.83333333333,11.0,-1.90909090909,Does it live in water?,zebra,does-it-live-in-water,no,nonvisual,0.538461538462
does-it-run-fast:zebra,13.0,-0.692307692308,7.0,2.0,7.0,1.57142857143,6.0,2.0,13.0,1.0,Does it run fast?,zebra,does-it-run-fast,yes,nonvisual,0.538461538462
does-it-travel-in-herds:zebra,10.0,-0.9,6.0,2.0,6.0,1.33333333333,4.0,2.5,10.0,0.8,Does it travel in herds?,zebra,does-it-travel-in-herds,yes,nonvisual,0.538461538462
is-it-an-animal:zebra,12.0,-1.75,9.0,1.22222222222,9.0,1.44444444444,3.0,3.33333333333,12.0,2.0,Is it an animal?,zebra,is-it-an-animal,yes,nonvisual,0.538461538462
is-it-eaten-by-rabbits:zebra,11.0,-1.36363636364,3.0,1.33333333333,3.0,1.33333333333,8.0,2.25,11.0,-1.72727272727,Is it eaten by rabbits?,zebra,is-it-eaten-by-rabbits,no,nonvisual,0.538461538462
is-it-red:zebra,8.0,-2.0,3.0,0.0,3.0,1.66666666667,5.0,1.8,8.0,-2.0,Is it red?,zebra,is-it-red,no,visual,0.538461538462
is-it-used-for-eating-on:zebra,7.0,-1.28571428571,5.0,0.6,5.0,1.8,2.0,1.5,7.0,-1.42857142857,Is it used for eating on?,zebra,is-it-used-for-eating-on,no,nonvisual,0.538461538462
does-it-eat-grain:chicken,9.0,-1.0,4.0,0.75,4.0,1.25,5.0,3.0,9.0,1.0,Does it eat grain?,chicken,does-it-eat-grain,yes,nonvisual,0.555555555556
does-it-have-a-beak:chicken,9.0,-1.55555555556,5.0,1.6,5.0,1.4,4.0,1.25,9.0,1.77777777778,Does it have a beak?,chicken,does-it-have-a-beak,yes,visual,0.555555555556
does-it-have-feathers:chicken,8.0,-1.25,6.0,2.16666666667,6.0,2.5,2.0,1.0,8.0,1.625,Does it have feathers?,chicken,does-it-have-feathers,yes,visual,0.555555555556
does-it-have-four-legs:chicken,8.0,-2.0,4.0,0.25,4.0,0.5,4.0,1.0,8.0,-1.5,Does it have four legs?,chicken,does-it-have-four-legs,no,visual,0.555555555556
does-it-have-hooves:chicken,15.0,-1.93333333333,5.0,1.0,5.0,1.2,10.0,1.5,15.0,-2.0,Does it have hooves?,chicken,does-it-have-hooves,no,visual,0.555555555556
does-it-have-legs:chicken,13.0,-1.69230769231,7.0,0.428571428571,7.0,1.14285714286,6.0,1.16666666667,13.0,1.92307692308,Does it have legs?,chicken,does-it-have-legs,yes,visual,0.555555555556
does-it-have-wings:chicken,6.0,-1.66666666667,4.0,0.0,4.0,1.25,2.0,1.5,6.0,2.0,Does it have wings?,chicken,does-it-have-wings,yes,visual,0.555555555556
does-it-lay-eggs:chicken,12.0,-1.66666666667,6.0,2.5,6.0,2.83333333333,6.0,2.16666666667,12.0,1.75,Does it lay eggs?,chicken,does-it-lay-eggs,yes,nonvisual,0.555555555556
does-it-live-in-a-coop:chicken,10.0,-1.2,5.0,0.6,5.0,1.4,5.0,2.8,10.0,1.4,Does it live in a coop?,chicken,does-it-live-in-a-coop,yes,nonvisual,0.555555555556
does-it-live-on-a-farm:chicken,11.0,-1.18181818182,5.0,0.8,5.0,1.2,6.0,2.16666666667,11.0,1.36363636364,Does it live on a farm?,chicken,does-it-live-on-a-farm,yes,nonvisual,0.555555555556
is-it-a-mammal:chicken,10.0,-1.5,7.0,2.14285714286,7.0,1.14285714286,3.0,1.33333333333,10.0,-1.5,Is it a mammal?,chicken,is-it-a-mammal,no,nonvisual,0.555555555556
is-it-comfortable:chicken,12.0,-0.333333333333,5.0,0.6,5.0,1.4,7.0,4.0,12.0,-0.333333333333,Is it comfortable?,chicken,is-it-comfortable,no,nonvisual,0.555555555556
is-it-eaten-by-frying:chicken,6.0,-1.0,2.0,1.5,2.0,2.0,4.0,2.0,6.0,1.0,Is it eaten by frying?,chicken,is-it-eaten-by-frying,yes,nonvisual,0.555555555556
is-it-orange:chicken,10.0,-0.8,4.0,1.5,4.0,1.5,6.0,2.5,10.0,-1.1,Is it orange?,chicken,is-it-orange,no,visual,0.555555555556
is-it-used-for-holding-liquids:chicken,12.0,-1.41666666667,4.0,0.0,4.0,0.75,8.0,2.5,12.0,-2.0,Is it used for holding liquids?,chicken,is-it-used-for-holding-liquids,no,nonvisual,0.555555555556
is-it-used-for-making-jam:chicken,7.0,-1.85714285714,4.0,0.25,4.0,0.5,3.0,2.33333333333,7.0,-1.85714285714,Is it used for making jam?,chicken,is-it-used-for-making-jam,no,nonvisual,0.555555555556
is-it-worn-for-the-rain:chicken,6.0,-1.83333333333,3.0,0.666666666667,3.0,0.666666666667,3.0,1.66666666667,6.0,-2.0,Is it worn for the rain?,chicken,is-it-worn-for-the-rain,no,nonvisual,0.555555555556
is-it-yellow:chicken,10.0,-0.8,5.0,1.0,5.0,2.2,5.0,3.0,10.0,-0.6,Is it yellow?,chicken,is-it-yellow,no,visual,0.555555555556
does-it-eat-grain:penguin,7.0,-1.0,5.0,2.0,5.0,0.6,2.0,2.5,7.0,-1.71428571429,Does it eat grain?,penguin,does-it-eat-grain,no,nonvisual,0.5
does-it-have-a-beak:penguin,9.0,-1.55555555556,5.0,0.6,5.0,2.0,4.0,2.75,9.0,1.66666666667,Does it have a beak?,penguin,does-it-have-a-beak,yes,visual,0.5
does-it-have-a-tail:penguin,8.0,-0.125,6.0,2.0,6.0,2.5,2.0,4.0,8.0,-0.125,Does it have a tail?,penguin,does-it-have-a-tail,no,visual,0.5
does-it-have-feet:penguin,10.0,-1.3,4.0,1.75,4.0,2.25,6.0,1.33333333333,10.0,1.3,Does it have feet?,penguin,does-it-have-feet,yes,visual,0.5
does-it-have-four-legs:penguin,15.0,-1.6,5.0,1.4,5.0,2.2,10.0,1.0,15.0,-1.8,Does it have four legs?,penguin,does-it-have-four-legs,no,visual,0.5
does-it-have-wings:penguin,7.0,-1.42857142857,4.0,1.75,4.0,2.5,3.0,1.33333333333,7.0,1.71428571429,Does it have wings?,penguin,does-it-have-wings,yes,visual,0.5
does-it-lay-eggs:penguin,9.0,-1.22222222222,5.0,1.8,5.0,1.4,4.0,2.0,9.0,1.44444444444,Does it lay eggs?,penguin,does-it-lay-eggs,yes,nonvisual,0.5
does-it-like-mud:penguin,11.0,-0.909090909091,6.0,1.16666666667,6.0,2.16666666667,5.0,4.0,11.0,-1.0,Does it like mud?,penguin,does-it-like-mud,no,nonvisual,0.5
does-it-live-in-the-arctic:penguin,11.0,-0.636363636364,7.0,2.28571428571,7.0,1.57142857143,4.0,2.0,11.0,0.545454545455,Does it live in the Arctic?,penguin,does-it-live-in-the-arctic,yes,nonvisual,0.5
does-it-waddle:penguin,13.0,-1.46153846154,4.0,0.0,4.0,1.75,9.0,1.55555555556,13.0,1.46153846154,Does it waddle?,penguin,does-it-waddle,yes,nonvisual,0.5
is-it-a-bird:penguin,7.0,-1.57142857143,4.0,2.0,4.0,1.5,3.0,1.0,7.0,1.85714285714,Is it a bird?,penguin,is-it-a-bird,yes,nonvisual,0.5
is-it-an-herbivore:penguin,12.0,-0.5,6.0,2.33333333333,6.0,2.66666666667,6.0,3.16666666667,12.0,-1.0,Is it an herbivore?,penguin,is-it-an-herbivore,no,nonvisual,0.5
is-it-black:penguin,10.0,-0.6,5.0,1.2,5.0,2.0,5.0,1.8,10.0,0.8,Is it black?,penguin,is-it-black,yes,visual,0.5
is-it-breakable:penguin,9.0,-1.44444444444,5.0,0.6,5.0,1.4,4.0,2.0,9.0,-1.11111111111,Is it breakable?,penguin,is-it-breakable,no,nonvisual,0.5
is-it-like-a-horse:penguin,7.0,-1.85714285714,4.0,0.75,4.0,1.75,3.0,1.33333333333,7.0,-2.0,Is it like a horse?,penguin,is-it-like-a-horse,no,nonvisual,0.5
is-it-long:penguin,7.0,-0.857142857143,2.0,1.5,2.0,1.0,5.0,2.6,7.0,-1.28571428571,Is it long?,penguin,is-it-long,no,visual,0.5
is-it-red:penguin,10.0,-1.8,7.0,0.571428571429,7.0,1.28571428571,3.0,1.0,10.0,-2.0,Is it red?,penguin,is-it-red,no,visual,0.5
is-it-unable-to-fly:penguin,10.0,-1.2,6.0,2.33333333333,6.0,1.83333333333,4.0,3.75,10.0,1.6,Is it unable to fly?,penguin,is-it-unable-to-fly,yes,nonvisual,0.5
does-it-eat-leaves:giraffe,9.0,-1.44444444444,5.0,2.2,5.0,1.6,4.0,1.75,9.0,1.44444444444,Does it eat leaves?,giraffe,does-it-eat-leaves,yes,nonvisual,0.5
does-it-have-antennae:giraffe,15.0,-0.733333333333,6.0,1.0,6.0,2.16666666667,9.0,2.44444444444,15.0,-1.2,Does it have antennae?,giraffe,does-it-have-antennae,no,visual,0.5
does-it-have-long-legs:giraffe,9.0,-1.55555555556,4.0,1.75,4.0,2.0,5.0,1.4,9.0,1.66666666667,Does it have long legs?,giraffe,does-it-have-long-legs,yes,visual,0.5
does-it-have-spots:giraffe,13.0,-1.46153846154,7.0,1.85714285714,7.0,2.85714285714,6.0,2.0,13.0,1.53846153846,Does it have spots?,giraffe,does-it-have-spots,yes,visual,0.5
does-it-have-warts:giraffe,13.0,-0.230769230769,8.0,1.0,8.0,1.0,5.0,3.6,13.0,-0.923076923077,Does it have warts?,giraffe,does-it-have-warts,no,visual,0.5
does-it-live-in-africa:giraffe,10.0,-1.2,6.0,1.83333333333,6.0,2.0,4.0,3.25,10.0,1.5,Does it live in Africa?,giraffe,does-it-live-in-africa,yes,nonvisual,0.5
does-it-live-in-grass:giraffe,17.0,-0.588235294118,11.0,2.09090909091,11.0,2.0,6.0,2.83333333333,17.0,0.352941176471,Does it live in grass?,giraffe,does-it-live-in-grass,yes,nonvisual,0.5
does-it-live-in-zoos:giraffe,13.0,-1.69230769231,7.0,0.571428571429,7.0,1.42857142857,6.0,1.5,13.0,1.61538461538,Does it live in zoos?,giraffe,does-it-live-in-zoos,yes,nonvisual,0.5
is-it-a-mammal:giraffe,9.0,-0.888888888889,3.0,1.66666666667,3.0,1.33333333333,6.0,2.0,9.0,1.66666666667,Is it a mammal?,giraffe,is-it-a-mammal,yes,nonvisual,0.5
is-it-an-insect:giraffe,16.0,-1.875,7.0,1.14285714286,7.0,1.71428571429,9.0,2.11111111111,16.0,-2.0,Is it an insect?,giraffe,is-it-an-insect,no,nonvisual,0.5
is-it-brown:giraffe,10.0,-0.6,7.0,3.0,7.0,3.42857142857,3.0,1.0,10.0,0.6,Is it brown?,giraffe,is-it-brown,yes,visual,0.5
is-it-eaten-by-frying:giraffe,11.0,-1.09090909091,5.0,0.8,5.0,1.0,6.0,3.33333333333,11.0,-1.54545454545,Is it eaten by frying?,giraffe,is-it-eaten-by-frying,no,nonvisual,0.5
is-it-green:giraffe,9.0,-1.44444444444,5.0,0.4,5.0,1.6,4.0,2.5,9.0,-1.88888888889,Is it green?,giraffe,is-it-green,no,visual,0.5
is-it-hunted-by-people:giraffe,11.0,-0.636363636364,4.0,2.25,4.0,2.0,7.0,2.85714285714,11.0,-0.636363636364,Is it hunted by people?,giraffe,is-it-hunted-by-people,no,nonvisual,0.5
is-it-muddy:giraffe,6.0,-1.0,3.0,0.666666666667,3.0,2.0,3.0,2.0,6.0,-1.0,Is it muddy?,giraffe,is-it-muddy,no,visual,0.5
is-it-tall:giraffe,7.0,-1.71428571429,4.0,1.0,4.0,2.0,3.0,2.0,7.0,1.57142857143,Is it tall?,giraffe,is-it-tall,yes,visual,0.5
does-it-eat-leaves:jacket,9.0,-1.88888888889,7.0,0.714285714286,7.0,0.857142857143,2.0,1.0,9.0,-2.0,Does it eat leaves?,jacket,does-it-eat-leaves,no,nonvisual,0.428571428571
does-it-have-a-hood:jacket,12.0,-0.916666666667,4.0,0.25,4.0,1.75,8.0,1.875,12.0,0.25,Does it have a hood?,jacket,does-it-have-a-hood,yes,visual,0.428571428571
does-it-have-a-zipper:jacket,6.0,-1.33333333333,4.0,0.5,4.0,3.25,2.0,1.0,6.0,1.0,Does it have a zipper?,jacket,does-it-have-a-zipper,yes,visual,0.428571428571
does-it-have-ears:jacket,13.0,-1.69230769231,7.0,0.428571428571,7.0,1.14285714286,6.0,1.66666666667,13.0,-2.0,Does it have ears?,jacket,does-it-have-ears,no,visual,0.428571428571
does-it-have-hair:jacket,14.0,-1.28571428571,7.0,0.285714285714,7.0,1.14285714286,7.0,1.57142857143,14.0,-0.785714285714,Does it have hair?,jacket,does-it-have-hair,no,visual,0.428571428571
does-it-have-pockets:jacket,10.0,-1.5,6.0,1.16666666667,6.0,1.33333333333,4.0,2.5,10.0,1.3,Does it have pockets?,jacket,does-it-have-pockets,yes,visual,0.428571428571
does-it-have-sleeves:jacket,9.0,-1.55555555556,5.0,1.2,5.0,2.8,4.0,1.0,9.0,1.77777777778,Does it have sleeves?,jacket,does-it-have-sleeves,yes,visual,0.428571428571
does-it-live-in-africa:jacket,8.0,-0.375,4.0,0.5,4.0,0.5,4.0,4.5,8.0,-1.0,Does it live in Africa?,jacket,does-it-live-in-africa,no,nonvisual,0.428571428571
is-it-a-vegetable:jacket,13.0,-1.53846153846,5.0,2.0,5.0,2.8,8.0,2.5,13.0,-1.61538461538,Is it a vegetable?,jacket,is-it-a-vegetable,no,nonvisual,0.428571428571
is-it-an-animal:jacket,16.0,-1.4375,6.0,0.166666666667,6.0,1.0,10.0,2.3,16.0,-1.8125,Is it an animal?,jacket,is-it-an-animal,no,nonvisual,0.428571428571
is-it-clothing:jacket,11.0,-1.63636363636,5.0,0.0,5.0,0.4,6.0,3.0,11.0,2.0,Is it clothing?,jacket,is-it-clothing,yes,nonvisual,0.428571428571
is-it-green:jacket,11.0,-1.45454545455,6.0,0.0,6.0,1.16666666667,5.0,1.6,11.0,0.0,Is it green?,jacket,is-it-green,no,visual,0.428571428571
is-it-tall:jacket,13.0,-0.923076923077,5.0,0.4,5.0,1.6,8.0,1.875,13.0,-1.23076923077,Is it tall?,jacket,is-it-tall,no,visual,0.428571428571
is-it-worn-for-the-rain:jacket,12.0,-1.0,5.0,0.8,5.0,0.8,7.0,2.71428571429,12.0,1.0,Is it worn for the rain?,jacket,is-it-worn-for-the-rain,yes,nonvisual,0.428571428571
is-it-worn-in-cold-temperatures:jacket,12.0,-1.66666666667,8.0,1.125,8.0,1.25,4.0,1.25,12.0,1.75,Is it worn in cold temperatures?,jacket,is-it-worn-in-cold-temperatures,yes,nonvisual,0.428571428571
is-it-worn-in-winter:jacket,9.0,-1.77777777778,6.0,0.5,6.0,1.66666666667,3.0,2.66666666667,9.0,0.888888888889,Is it worn in winter?,jacket,is-it-worn-in-winter,yes,nonvisual,0.428571428571
does-it-eat-peanuts:elephant,10.0,-1.0,5.0,1.6,5.0,1.8,5.0,2.4,10.0,1.4,Does it eat peanuts?,elephant,does-it-eat-peanuts,yes,nonvisual,0.666666666667
does-it-have-a-tail:elephant,7.0,-1.14285714286,3.0,2.33333333333,3.0,2.33333333333,4.0,2.0,7.0,1.42857142857,Does it have a tail?,elephant,does-it-have-a-tail,yes,visual,0.666666666667
does-it-have-ears:elephant,11.0,-1.81818181818,5.0,0.4,5.0,1.6,6.0,1.0,11.0,2.0,Does it have ears?,elephant,does-it-have-ears,yes,visual,0.666666666667
does-it-have-four-legs:elephant,8.0,-1.875,3.0,0.333333333333,3.0,0.0,5.0,1.8,8.0,1.875,Does it have four legs?,elephant,does-it-have-four-legs,yes,visual,0.666666666667
does-it-have-fur:elephant,8.0,-0.875,4.0,2.25,4.0,2.5,4.0,1.75,8.0,-1.25,Does it have fur?,elephant,does-it-have-fur,no,visual,0.666666666667
does-it-have-hooves:elephant,13.0,-1.30769230769,6.0,0.166666666667,6.0,1.0,7.0,2.42857142857,13.0,-1.30769230769,Does it have hooves?,elephant,does-it-have-hooves,no,visual,0.666666666667
does-it-have-large-ears:elephant,10.0,-1.5,6.0,0.666666666667,6.0,1.66666666667,4.0,1.25,10.0,1.7,Does it have large ears?,elephant,does-it-have-large-ears,yes,visual,0.666666666667
does-it-have-scales:elephant,7.0,-1.42857142857,3.0,0.666666666667,3.0,1.33333333333,4.0,1.75,7.0,-1.85714285714,Does it have scales?,elephant,does-it-have-scales,no,visual,0.666666666667
does-it-lay-eggs:elephant,14.0,-1.92857142857,6.0,1.0,6.0,0.333333333333,8.0,2.5,14.0,-2.0,Does it lay eggs?,elephant,does-it-lay-eggs,no,nonvisual,0.666666666667
does-it-live-in-africa:elephant,12.0,-1.41666666667,6.0,1.5,6.0,1.5,6.0,2.83333333333,12.0,1.16666666667,Does it live in Africa?,elephant,does-it-live-in-africa,yes,nonvisual,0.666666666667
does-it-live-in-zoos:elephant,8.0,-1.25,4.0,0.75,4.0,0.5,4.0,2.25,8.0,0.625,Does it live in zoos?,elephant,does-it-live-in-zoos,yes,nonvisual,0.666666666667
does-it-live-on-farms:elephant,13.0,-1.23076923077,3.0,2.33333333333,3.0,1.66666666667,10.0,2.9,13.0,-1.30769230769,Does it live on farms?,elephant,does-it-live-on-farms,no,nonvisual,0.666666666667
is-it-a-reptile:elephant,10.0,-1.6,4.0,1.5,4.0,0.5,6.0,2.66666666667,10.0,-2.0,Is it a reptile?,elephant,is-it-a-reptile,no,nonvisual,0.666666666667
is-it-a-rodent:elephant,13.0,-1.38461538462,6.0,1.66666666667,6.0,2.0,7.0,3.28571428571,13.0,-1.15384615385,Is it a rodent?,elephant,is-it-a-rodent,no,nonvisual,0.666666666667
is-it-an-animal:elephant,13.0,-1.76923076923,7.0,1.0,7.0,0.714285714286,6.0,1.16666666667,13.0,1.84615384615,Is it an animal?,elephant,is-it-an-animal,yes,nonvisual,0.666666666667
is-it-beige:elephant,8.0,-1.625,5.0,0.6,5.0,2.0,3.0,1.0,8.0,-1.375,Is it beige?,elephant,is-it-beige,no,visual,0.666666666667
is-it-furry:elephant,8.0,-1.125,7.0,0.571428571429,7.0,1.42857142857,1.0,1.0,8.0,-1.625,Is it furry?,elephant,is-it-furry,no,nonvisual,0.666666666667
is-it-grey:elephant,8.0,-1.5,4.0,1.25,4.0,1.25,4.0,1.5,8.0,1.75,Is it grey?,elephant,is-it-grey,yes,visual,0.666666666667
is-it-made-of-wood:elephant,5.0,-1.6,4.0,1.5,4.0,1.5,1.0,1.0,5.0,-2.0,Is it made of wood?,elephant,is-it-made-of-wood,no,visual,0.666666666667
is-it-used-in-circuses:elephant,11.0,-1.54545454545,7.0,1.42857142857,7.0,2.0,4.0,1.5,11.0,1.0,Is it used in circuses?,elephant,is-it-used-in-circuses,yes,nonvisual,0.666666666667
does-it-eat-people:alligator,6.0,-1.33333333333,5.0,3.0,5.0,2.4,1.0,4.0,6.0,1.0,Does it eat people?,alligator,does-it-eat-people,yes,nonvisual,0.571428571429
does-it-have-a-long-tongue:alligator,14.0,-0.142857142857,4.0,1.75,4.0,2.5,10.0,2.8,14.0,-0.0714285714286,Does it have a long tongue?,alligator,does-it-have-a-long-tongue,yes,visual,0.571428571429
does-it-have-a-tail:alligator,9.0,-1.77777777778,6.0,0.5,6.0,1.16666666667,3.0,1.0,9.0,1.11111111111,Does it have a tail?,alligator,does-it-have-a-tail,yes,visual,0.571428571429
does-it-have-jaws:alligator,6.0,-1.5,3.0,1.33333333333,3.0,1.66666666667,3.0,2.66666666667,6.0,1.83333333333,Does it have jaws?,alligator,does-it-have-jaws,yes,visual,0.571428571429
does-it-have-scales:alligator,8.0,-1.25,5.0,2.2,5.0,0.8,3.0,2.0,8.0,0.5,Does it have scales?,alligator,does-it-have-scales,yes,visual,0.571428571429
does-it-live-in-swamps:alligator,4.0,-0.75,3.0,1.66666666667,3.0,1.33333333333,1.0,2.0,4.0,1.0,Does it live in swamps?,alligator,does-it-live-in-swamps,yes,nonvisual,0.571428571429
does-it-live-in-the-desert:alligator,8.0,-1.5,4.0,1.5,4.0,1.5,4.0,3.5,8.0,-1.875,Does it live in the desert?,alligator,does-it-live-in-the-desert,no,nonvisual,0.571428571429
does-it-live-in-water:alligator,10.0,-1.2,6.0,2.16666666667,6.0,2.33333333333,4.0,2.5,10.0,1.6,Does it live in water?,alligator,does-it-live-in-water,yes,nonvisual,0.571428571429
is-it-a-mammal:alligator,10.0,-1.3,6.0,1.66666666667,6.0,2.0,4.0,2.75,10.0,-1.2,Is it a mammal?,alligator,is-it-a-mammal,no,nonvisual,0.571428571429
is-it-a-pet:alligator,8.0,-1.125,4.0,1.0,4.0,1.5,4.0,3.0,8.0,-1.75,Is it a pet?,alligator,is-it-a-pet,no,nonvisual,0.571428571429
is-it-a-reptile:alligator,8.0,-1.625,7.0,2.42857142857,7.0,1.57142857143,1.0,1.0,8.0,2.0,Is it a reptile?,alligator,is-it-a-reptile,yes,nonvisual,0.571428571429
is-it-an-animal:alligator,14.0,-1.92857142857,5.0,0.6,5.0,1.2,9.0,2.88888888889,14.0,1.78571428571,Is it an animal?,alligator,is-it-an-animal,yes,nonvisual,0.571428571429
is-it-found-in-summer:alligator,12.0,-0.25,7.0,2.42857142857,7.0,1.85714285714,5.0,3.2,12.0,0.916666666667,Is it found in summer?,alligator,is-it-found-in-summer,yes,nonvisual,0.571428571429
is-it-green:alligator,7.0,-1.28571428571,4.0,0.75,4.0,1.0,3.0,2.0,7.0,0.571428571429,Is it green?,alligator,is-it-green,yes,visual,0.571428571429
is-it-grey:alligator,9.0,-1.33333333333,5.0,0.2,5.0,1.8,4.0,2.0,9.0,-1.11111111111,Is it grey?,alligator,is-it-grey,no,visual,0.571428571429
is-it-long:alligator,7.0,-1.42857142857,4.0,1.5,4.0,2.25,3.0,3.33333333333,7.0,1.42857142857,Is it long?,alligator,is-it-long,yes,visual,0.571428571429
is-it-made-of-metal:alligator,11.0,-1.81818181818,8.0,0.25,8.0,1.0,3.0,1.33333333333,11.0,-2.0,Is it made of metal?,alligator,is-it-made-of-metal,no,visual,0.571428571429
is-it-round:alligator,16.0,-1.875,7.0,0.857142857143,7.0,1.85714285714,9.0,1.11111111111,16.0,-1.9375,Is it round?,alligator,is-it-round,no,visual,0.571428571429
is-it-small:alligator,15.0,-1.4,8.0,0.625,8.0,1.375,7.0,2.14285714286,15.0,-0.933333333333,Is it small?,alligator,is-it-small,no,visual,0.571428571429
is-it-used-for-freight:alligator,9.0,-1.11111111111,5.0,2.0,5.0,1.2,4.0,3.75,9.0,-1.22222222222,Is it used for freight?,alligator,is-it-used-for-freight,no,nonvisual,0.571428571429
does-it-eat-people:deer,10.0,-1.7,4.0,0.25,4.0,1.0,6.0,3.33333333333,10.0,-2.0,Does it eat people?,deer,does-it-eat-people,no,nonvisual,0.5625
does-it-have-a-cushion:deer,8.0,-1.0,6.0,0.333333333333,6.0,1.83333333333,2.0,2.5,8.0,-1.75,Does it have a cushion?,deer,does-it-have-a-cushion,no,visual,0.5625
does-it-have-a-lid:deer,8.0,-2.0,5.0,0.2,5.0,1.4,3.0,1.0,8.0,-2.0,Does it have a lid?,deer,does-it-have-a-lid,no,visual,0.5625
does-it-have-a-white-tail:deer,12.0,-1.16666666667,8.0,1.75,8.0,2.0,4.0,1.25,12.0,1.08333333333,Does it have a white tail?,deer,does-it-have-a-white-tail,yes,visual,0.5625
does-it-have-antlers:deer,10.0,-0.8,5.0,1.0,5.0,1.6,5.0,2.0,10.0,0.6,Does it have antlers?,deer,does-it-have-antlers,yes,visual,0.5625
does-it-have-eyes:deer,13.0,-1.92307692308,6.0,0.833333333333,6.0,2.16666666667,7.0,2.14285714286,13.0,1.92307692308,Does it have eyes?,deer,does-it-have-eyes,yes,visual,0.5625
does-it-have-four-legs:deer,8.0,-1.875,4.0,0.0,4.0,1.0,4.0,2.5,8.0,1.875,Does it have four legs?,deer,does-it-have-four-legs,yes,visual,0.5625
does-it-have-hooves:deer,5.0,-0.4,3.0,2.33333333333,3.0,3.33333333333,2.0,4.0,5.0,1.2,Does it have hooves?,deer,does-it-have-hooves,yes,visual,0.5625
does-it-have-large-teeth:deer,13.0,-0.384615384615,7.0,1.57142857143,7.0,1.85714285714,6.0,3.16666666667,13.0,-0.307692307692,Does it have large teeth?,deer,does-it-have-large-teeth,no,visual,0.5625
does-it-live-in-zoos:deer,9.0,-1.33333333333,4.0,2.25,4.0,1.5,5.0,1.6,9.0,0.222222222222,Does it live in zoos?,deer,does-it-live-in-zoos,no,nonvisual,0.5625
is-it-a-mammal:deer,13.0,-1.30769230769,6.0,1.33333333333,6.0,1.66666666667,7.0,3.28571428571,13.0,2.0,Is it a mammal?,deer,is-it-a-mammal,yes,nonvisual,0.5625
is-it-an-herbivore:deer,9.0,-1.0,4.0,1.75,4.0,1.0,5.0,3.0,9.0,0.888888888889,Is it an herbivore?,deer,is-it-an-herbivore,yes,nonvisual,0.5625
is-it-fast:deer,11.0,-1.27272727273,5.0,2.0,5.0,1.8,6.0,2.16666666667,11.0,1.18181818182,Is it fast?,deer,is-it-fast,yes,nonvisual,0.5625
is-it-green:deer,11.0,-1.90909090909,6.0,1.33333333333,6.0,2.5,5.0,1.2,11.0,-1.90909090909,Is it green?,deer,is-it-green,no,visual,0.5625
is-it-hunted-by-people:deer,11.0,-1.72727272727,5.0,0.8,5.0,1.0,6.0,1.66666666667,11.0,1.54545454545,Is it hunted by people?,deer,is-it-hunted-by-people,yes,nonvisual,0.5625
is-it-loud:deer,11.0,-1.0,5.0,1.4,5.0,1.6,6.0,1.66666666667,11.0,-1.09090909091,Is it loud?,deer,is-it-loud,no,nonvisual,0.5625
is-it-smelly:deer,5.0,-1.8,4.0,1.25,4.0,0.75,1.0,1.0,5.0,-0.6,Is it smelly?,deer,is-it-smelly,no,nonvisual,0.5625
is-it-timid:deer,7.0,-1.0,3.0,1.0,3.0,2.33333333333,4.0,2.0,7.0,1.14285714286,Is it timid?,deer,is-it-timid,yes,nonvisual,0.5625
is-it-used-for-cider:deer,6.0,-1.66666666667,4.0,1.25,4.0,0.75,2.0,3.0,6.0,-2.0,Is it used for cider?,deer,is-it-used-for-cider,no,nonvisual,0.5625
is-it-yellow:deer,18.0,-1.61111111111,12.0,1.08333333333,12.0,2.16666666667,6.0,1.0,18.0,-1.66666666667,Is it yellow?,deer,is-it-yellow,no,visual,0.5625
does-it-eat:strawberry,7.0,-1.71428571429,4.0,0.25,4.0,1.75,3.0,2.0,7.0,-0.714285714286,Does it eat?,strawberry,does-it-eat,no,nonvisual,0.125
does-it-have-a-mane:strawberry,10.0,-1.8,7.0,0.0,7.0,0.285714285714,3.0,1.0,10.0,-2.0,Does it have a mane?,strawberry,does-it-have-a-mane,no,visual,0.125
does-it-have-a-tail:strawberry,9.0,-1.77777777778,4.0,0.75,4.0,2.75,5.0,2.0,9.0,-1.88888888889,Does it have a tail?,strawberry,does-it-have-a-tail,no,visual,0.125
does-it-have-ears:strawberry,14.0,-1.71428571429,10.0,0.9,10.0,1.3,4.0,1.0,14.0,-1.71428571429,Does it have ears?,strawberry,does-it-have-ears,no,visual,0.125
does-it-have-four-legs:strawberry,7.0,-1.42857142857,5.0,0.0,5.0,0.4,2.0,1.0,7.0,-2.0,Does it have four legs?,strawberry,does-it-have-four-legs,no,visual,0.125
does-it-have-green-leaves:strawberry,8.0,-1.25,3.0,0.0,3.0,2.0,5.0,2.0,8.0,1.0,Does it have green leaves?,strawberry,does-it-have-green-leaves,yes,visual,0.125
does-it-have-seeds:strawberry,10.0,-1.4,7.0,0.857142857143,7.0,1.0,3.0,1.66666666667,10.0,1.5,Does it have seeds?,strawberry,does-it-have-seeds,yes,visual,0.125
does-it-taste-good:strawberry,8.0,-1.375,6.0,2.16666666667,6.0,2.33333333333,2.0,1.0,8.0,1.125,Does it taste good?,strawberry,does-it-taste-good,yes,nonvisual,0.125
does-it-taste-sweet:strawberry,12.0,-1.41666666667,5.0,1.6,5.0,1.2,7.0,1.42857142857,12.0,1.5,Does it taste sweet?,strawberry,does-it-taste-sweet,yes,nonvisual,0.125
is-is-used-for-riding:strawberry,6.0,-1.5,5.0,1.4,5.0,1.4,1.0,4.0,6.0,-2.0,Is is used for riding?,strawberry,is-is-used-for-riding,no,nonvisual,0.125
is-it-a-fruit:strawberry,8.0,-1.625,2.0,3.0,2.0,1.0,6.0,3.33333333333,8.0,1.75,Is it a fruit?,strawberry,is-it-a-fruit,yes,nonvisual,0.125
is-it-an-insect:strawberry,10.0,-1.9,5.0,1.8,5.0,1.4,5.0,1.8,10.0,-2.0,Is it an insect?,strawberry,is-it-an-insect,no,nonvisual,0.125
is-it-furniture:strawberry,7.0,-1.71428571429,5.0,0.4,5.0,0.4,2.0,1.5,7.0,-2.0,Is it furniture?,strawberry,is-it-furniture,no,nonvisual,0.125
is-it-red:strawberry,7.0,-1.57142857143,3.0,0.0,3.0,1.66666666667,4.0,1.0,7.0,1.57142857143,Is it red?,strawberry,is-it-red,yes,visual,0.125
is-it-small:strawberry,7.0,-1.57142857143,5.0,0.8,5.0,1.6,2.0,2.5,7.0,1.57142857143,Is it small?,strawberry,is-it-small,yes,visual,0.125
is-it-used-for-making-jam:strawberry,14.0,-1.35714285714,7.0,2.0,7.0,2.42857142857,7.0,2.28571428571,14.0,1.57142857143,Is it used for making jam?,strawberry,is-it-used-for-making-jam,yes,nonvisual,0.125
does-it-fly:bottle,10.0,-1.6,5.0,0.8,5.0,0.4,5.0,1.6,10.0,-1.8,Does it fly?,bottle,does-it-fly,no,nonvisual,0.357142857143
does-it-have-a-cork:bottle,14.0,-1.42857142857,7.0,0.285714285714,7.0,1.28571428571,7.0,2.0,14.0,-0.5,Does it have a cork?,bottle,does-it-have-a-cork,no,visual,0.357142857143
does-it-have-a-lid:bottle,11.0,-1.27272727273,4.0,0.25,4.0,2.5,7.0,1.71428571429,11.0,0.181818181818,Does it have a lid?,bottle,does-it-have-a-lid,yes,visual,0.357142857143
does-it-have-a-neck:bottle,14.0,-1.21428571429,5.0,1.4,5.0,2.2,9.0,1.88888888889,14.0,1.07142857143,Does it have a neck?,bottle,does-it-have-a-neck,yes,visual,0.357142857143
does-it-have-armrests:bottle,12.0,-1.16666666667,5.0,1.8,5.0,2.0,7.0,2.28571428571,12.0,-1.75,Does it have armrests?,bottle,does-it-have-armrests,no,visual,0.357142857143
does-it-have-eyes:bottle,9.0,-1.0,6.0,1.16666666667,6.0,1.5,3.0,1.33333333333,9.0,-1.77777777778,Does it have eyes?,bottle,does-it-have-eyes,no,visual,0.357142857143
does-it-have-feet:bottle,10.0,-1.5,5.0,0.4,5.0,0.4,5.0,1.6,10.0,-1.3,Does it have feet?,bottle,does-it-have-feet,no,visual,0.357142857143
does-it-have-seeds:bottle,9.0,-1.66666666667,7.0,0.857142857143,7.0,1.42857142857,2.0,4.5,9.0,-2.0,Does it have seeds?,bottle,does-it-have-seeds,no,visual,0.357142857143
does-it-have-teeth:bottle,8.0,-1.875,3.0,1.66666666667,3.0,1.0,5.0,2.2,8.0,-2.0,Does it have teeth?,bottle,does-it-have-teeth,no,visual,0.357142857143
is-it-a-carnivore:bottle,9.0,-2.0,5.0,0.8,5.0,1.0,4.0,3.5,9.0,-1.77777777778,Is it a carnivore?,bottle,is-it-a-carnivore,no,nonvisual,0.357142857143
is-it-a-container:bottle,9.0,-1.0,6.0,1.66666666667,6.0,2.0,3.0,1.33333333333,9.0,1.0,Is it a container?,bottle,is-it-a-container,yes,nonvisual,0.357142857143
is-it-an-amphibian:bottle,10.0,-1.6,5.0,1.2,5.0,0.4,5.0,2.0,10.0,-2.0,Is it an amphibian?,bottle,is-it-an-amphibian,no,nonvisual,0.357142857143
is-it-an-animal:bottle,10.0,-1.4,7.0,0.714285714286,7.0,0.571428571429,3.0,3.0,10.0,-1.7,Is it an animal?,bottle,is-it-an-animal,no,nonvisual,0.357142857143
is-it-breakable:bottle,9.0,-1.0,4.0,1.0,4.0,2.0,5.0,2.8,9.0,0.888888888889,Is it breakable?,bottle,is-it-breakable,yes,nonvisual,0.357142857143
is-it-juicy:bottle,9.0,-1.44444444444,4.0,0.25,4.0,1.25,5.0,3.2,9.0,-0.888888888889,Is it juicy?,bottle,is-it-juicy,no,nonvisual,0.357142857143
is-it-made-of-glass:bottle,7.0,-1.42857142857,4.0,1.25,4.0,2.0,3.0,1.33333333333,7.0,0.571428571429,Is it made of glass?,bottle,is-it-made-of-glass,yes,visual,0.357142857143
is-it-made-of-plastic:bottle,10.0,-1.0,5.0,0.8,5.0,2.4,5.0,1.8,10.0,0.6,Is it made of plastic?,bottle,is-it-made-of-plastic,yes,visual,0.357142857143
is-it-used-for-holding-beer:bottle,7.0,-1.28571428571,4.0,1.0,4.0,2.0,3.0,1.66666666667,7.0,1.28571428571,Is it used for holding beer?,bottle,is-it-used-for-holding-beer,yes,nonvisual,0.357142857143
is-it-used-for-holding-liquids:bottle,9.0,-1.66666666667,5.0,0.8,5.0,1.4,4.0,1.25,9.0,1.66666666667,Is it used for holding liquids?,bottle,is-it-used-for-holding-liquids,yes,nonvisual,0.357142857143
is-it-used-for-holding-things:bottle,13.0,-1.30769230769,9.0,1.22222222222,9.0,2.66666666667,4.0,2.75,13.0,1.53846153846,Is it used for holding things?,bottle,is-it-used-for-holding-things,yes,nonvisual,0.357142857143
does-it-fly:grasshopper,13.0,-0.307692307692,7.0,1.57142857143,7.0,1.71428571429,6.0,2.0,13.0,-0.461538461538,Does it fly?,grasshopper,does-it-fly,no,nonvisual,0.666666666667
does-it-have-an-engine:grasshopper,8.0,-1.5,4.0,0.25,4.0,0.25,4.0,1.5,8.0,-1.875,Does it have an engine?,grasshopper,does-it-have-an-engine,no,visual,0.666666666667
does-it-have-antennae:grasshopper,11.0,-1.0,9.0,1.22222222222,9.0,2.11111111111,2.0,2.5,11.0,0.727272727273,Does it have antennae?,grasshopper,does-it-have-antennae,yes,visual,0.666666666667
does-it-have-legs:grasshopper,8.0,-1.625,4.0,0.25,4.0,1.0,4.0,1.75,8.0,1.875,Does it have legs?,grasshopper,does-it-have-legs,yes,visual,0.666666666667
does-it-have-long-legs:grasshopper,11.0,-1.09090909091,5.0,1.2,5.0,1.0,6.0,1.83333333333,11.0,0.545454545455,Does it have long legs?,grasshopper,does-it-have-long-legs,no,visual,0.666666666667
does-it-have-teeth:grasshopper,9.0,-0.333333333333,2.0,1.5,2.0,0.5,7.0,2.0,9.0,-1.44444444444,Does it have teeth?,grasshopper,does-it-have-teeth,no,visual,0.666666666667
does-it-live-in-grass:grasshopper,13.0,-1.53846153846,4.0,0.5,4.0,1.25,9.0,1.88888888889,13.0,1.46153846154,Does it live in grass?,grasshopper,does-it-live-in-grass,yes,nonvisual,0.666666666667
does-it-require-a-conductor:grasshopper,10.0,-1.0,5.0,0.6,5.0,0.8,5.0,3.2,10.0,-1.4,Does it require a conductor?,grasshopper,does-it-require-a-conductor,no,nonvisual,0.666666666667
does-it-taste-good:grasshopper,12.0,-1.0,5.0,0.2,5.0,1.0,7.0,2.0,12.0,-0.666666666667,Does it taste good?,grasshopper,does-it-taste-good,no,nonvisual,0.666666666667
is-it-an-insect:grasshopper,10.0,-1.5,6.0,1.5,6.0,1.5,4.0,2.5,10.0,1.8,Is it an insect?,grasshopper,is-it-an-insect,yes,nonvisual,0.666666666667
is-it-found-in-summer:grasshopper,9.0,-1.22222222222,4.0,2.25,4.0,2.0,5.0,2.2,9.0,1.33333333333,Is it found in summer?,grasshopper,is-it-found-in-summer,yes,nonvisual,0.666666666667
is-it-green:grasshopper,9.0,-1.44444444444,8.0,0.625,8.0,2.0,1.0,5.0,9.0,1.33333333333,Is it green?,grasshopper,is-it-green,yes,visual,0.666666666667
is-it-hunted-by-people:grasshopper,9.0,-0.777777777778,4.0,1.75,4.0,0.25,5.0,3.2,9.0,-0.444444444444,Is it hunted by people?,grasshopper,is-it-hunted-by-people,no,nonvisual,0.666666666667
is-it-long:grasshopper,12.0,-1.41666666667,5.0,1.0,5.0,1.2,7.0,1.28571428571,12.0,-0.5,Is it long?,grasshopper,is-it-long,no,visual,0.666666666667
is-it-made-of-wood:grasshopper,10.0,-1.9,6.0,0.166666666667,6.0,1.16666666667,4.0,1.75,10.0,-2.0,Is it made of wood?,grasshopper,is-it-made-of-wood,no,visual,0.666666666667
is-it-unable-to-fly:grasshopper,6.0,-0.833333333333,5.0,1.4,5.0,1.8,1.0,3.0,6.0,0.0,Is it unable to fly?,grasshopper,is-it-unable-to-fly,no,nonvisual,0.666666666667
does-it-grow-in-hawaii:pig,9.0,-0.777777777778,5.0,1.8,5.0,1.0,4.0,4.25,9.0,-0.111111111111,Does it grow in Hawaii?,pig,does-it-grow-in-hawaii,no,nonvisual,0.578947368421
does-it-grow-on-trees:pig,8.0,-1.875,6.0,0.333333333333,6.0,1.33333333333,2.0,1.0,8.0,-1.5,Does it grow on trees?,pig,does-it-grow-on-trees,no,nonvisual,0.578947368421
does-it-have-a-snout:pig,9.0,-1.55555555556,4.0,1.25,4.0,2.75,5.0,1.4,9.0,1.77777777778,Does it have a snout?,pig,does-it-have-a-snout,yes,visual,0.578947368421
does-it-have-a-tail:pig,13.0,-1.53846153846,6.0,0.333333333333,6.0,2.66666666667,7.0,1.42857142857,13.0,1.84615384615,Does it have a tail?,pig,does-it-have-a-tail,yes,visual,0.578947368421
does-it-have-feathers:pig,8.0,-2.0,4.0,1.25,4.0,0.5,4.0,1.5,8.0,-2.0,Does it have feathers?,pig,does-it-have-feathers,no,visual,0.578947368421
does-it-have-fur:pig,9.0,-1.11111111111,4.0,1.25,4.0,1.75,5.0,1.8,9.0,-0.777777777778,Does it have fur?,pig,does-it-have-fur,no,visual,0.578947368421
does-it-have-legs:pig,9.0,-1.88888888889,4.0,2.0,4.0,1.25,5.0,1.8,9.0,1.88888888889,Does it have legs?,pig,does-it-have-legs,yes,visual,0.578947368421
does-it-have-whiskers:pig,14.0,-1.42857142857,4.0,1.5,4.0,2.75,10.0,1.9,14.0,-0.357142857143,Does it have whiskers?,pig,does-it-have-whiskers,no,visual,0.578947368421
does-it-have-wings:pig,9.0,-2.0,6.0,0.5,6.0,1.5,3.0,1.66666666667,9.0,-2.0,Does it have wings?,pig,does-it-have-wings,no,visual,0.578947368421
does-it-like-mud:pig,9.0,-0.888888888889,3.0,1.66666666667,3.0,2.66666666667,6.0,2.5,9.0,1.55555555556,Does it like mud?,pig,does-it-like-mud,yes,nonvisual,0.578947368421
does-it-live-in-india:pig,10.0,-0.4,5.0,1.4,5.0,1.0,5.0,3.2,10.0,0.0,Does it live in India?,pig,does-it-live-in-india,no,nonvisual,0.578947368421
does-it-live-on-farms:pig,8.0,-1.75,6.0,0.833333333333,6.0,1.16666666667,2.0,1.5,8.0,1.625,Does it live on farms?,pig,does-it-live-on-farms,yes,nonvisual,0.578947368421
is-it-a-bird:pig,7.0,-1.71428571429,5.0,0.6,5.0,1.8,2.0,1.0,7.0,-2.0,Is it a bird?,pig,is-it-a-bird,no,nonvisual,0.578947368421
is-it-an-animal:pig,13.0,-1.84615384615,8.0,0.375,8.0,1.0,5.0,2.6,13.0,2.0,Is it an animal?,pig,is-it-an-animal,yes,nonvisual,0.578947368421
is-it-eaten-as-bacon:pig,12.0,-1.66666666667,5.0,2.2,5.0,1.2,7.0,3.57142857143,12.0,1.5,Is it eaten as bacon?,pig,is-it-eaten-as-bacon,yes,nonvisual,0.578947368421
is-it-made-of-glass:pig,9.0,-1.55555555556,4.0,0.5,4.0,1.25,5.0,1.8,9.0,-1.66666666667,Is it made of glass?,pig,is-it-made-of-glass,no,visual,0.578947368421
is-it-muddy:pig,13.0,-1.07692307692,6.0,1.33333333333,6.0,1.5,7.0,2.14285714286,13.0,0.461538461538,Is it muddy?,pig,is-it-muddy,yes,visual,0.578947368421
is-it-pink:pig,10.0,-1.4,7.0,0.571428571429,7.0,1.71428571429,3.0,1.0,10.0,0.8,Is it pink?,pig,is-it-pink,yes,visual,0.578947368421
is-it-smelly:pig,10.0,-1.9,6.0,0.333333333333,6.0,1.0,4.0,1.75,10.0,0.8,Is it smelly?,pig,is-it-smelly,yes,nonvisual,0.578947368421
is-it-tropical:pig,12.0,-1.08333333333,9.0,1.0,9.0,0.555555555556,3.0,3.0,12.0,-1.25,Is it tropical?,pig,is-it-tropical,no,nonvisual,0.578947368421
does-it-grow-in-hawaii:pineapple,8.0,-1.625,6.0,1.16666666667,6.0,1.5,2.0,3.0,8.0,1.75,Does it grow in Hawaii?,pineapple,does-it-grow-in-hawaii,yes,nonvisual,0.3125
does-it-grow-on-trees:pineapple,9.0,-1.11111111111,4.0,2.25,4.0,1.25,5.0,2.0,9.0,0.333333333333,Does it grow on trees?,pineapple,does-it-grow-on-trees,yes,nonvisual,0.3125
does-it-have-a-core:pineapple,7.0,-1.28571428571,2.0,2.0,2.0,1.5,5.0,1.8,7.0,1.71428571429,Does it have a core?,pineapple,does-it-have-a-core,yes,visual,0.3125
does-it-have-a-seat:pineapple,10.0,-1.7,5.0,1.2,5.0,1.4,5.0,1.2,10.0,-1.7,Does it have a seat?,pineapple,does-it-have-a-seat,no,visual,0.3125
does-it-have-a-tail:pineapple,7.0,-1.57142857143,4.0,0.25,4.0,1.25,3.0,1.66666666667,7.0,-1.85714285714,Does it have a tail?,pineapple,does-it-have-a-tail,no,visual,0.3125
does-it-have-an-inside:pineapple,7.0,-1.71428571429,4.0,0.75,4.0,1.0,3.0,1.0,7.0,1.28571428571,Does it have an inside?,pineapple,does-it-have-an-inside,yes,visual,0.3125
does-it-have-legs:pineapple,15.0,-1.66666666667,8.0,0.125,8.0,0.5,7.0,1.57142857143,15.0,-2.0,Does it have legs?,pineapple,does-it-have-legs,no,visual,0.3125
does-it-have-skin:pineapple,11.0,-0.818181818182,8.0,0.75,8.0,2.0,3.0,2.66666666667,11.0,1.27272727273,Does it have skin?,pineapple,does-it-have-skin,yes,visual,0.3125
does-it-have-whiskers:pineapple,7.0,-1.71428571429,6.0,0.666666666667,6.0,1.5,1.0,1.0,7.0,-2.0,Does it have whiskers?,pineapple,does-it-have-whiskers,no,visual,0.3125
is-it-a-carnivore:pineapple,6.0,-1.83333333333,4.0,0.25,4.0,1.25,2.0,3.0,6.0,-2.0,Is it a carnivore?,pineapple,is-it-a-carnivore,no,nonvisual,0.3125
is-it-a-pet:pineapple,11.0,-1.72727272727,7.0,0.857142857143,7.0,1.42857142857,4.0,2.5,11.0,-1.63636363636,Is it a pet?,pineapple,is-it-a-pet,no,nonvisual,0.3125
is-it-an-animal:pineapple,9.0,-1.77777777778,6.0,0.333333333333,6.0,1.33333333333,3.0,2.66666666667,9.0,-2.0,Is it an animal?,pineapple,is-it-an-animal,no,nonvisual,0.3125
is-it-clothing:pineapple,10.0,-2.0,3.0,1.0,3.0,1.0,7.0,1.57142857143,10.0,-2.0,Is it clothing?,pineapple,is-it-clothing,no,nonvisual,0.3125
is-it-juicy:pineapple,8.0,-1.125,4.0,0.5,4.0,2.25,4.0,1.25,8.0,0.875,Is it juicy?,pineapple,is-it-juicy,yes,nonvisual,0.3125
is-it-prickly:pineapple,8.0,-1.5,4.0,0.5,4.0,1.25,4.0,1.25,8.0,1.0,Is it prickly?,pineapple,is-it-prickly,yes,nonvisual,0.3125
is-it-tropical:pineapple,10.0,-1.6,6.0,1.66666666667,6.0,1.33333333333,4.0,2.5,10.0,1.6,Is it tropical?,pineapple,is-it-tropical,yes,nonvisual,0.3125
is-it-used-for-racing:pineapple,5.0,-1.8,3.0,0.666666666667,3.0,2.0,2.0,4.5,5.0,-2.0,Is it used for racing?,pineapple,is-it-used-for-racing,no,nonvisual,0.3125
is-it-yellow-inside:pineapple,7.0,-1.57142857143,4.0,0.0,4.0,1.75,3.0,1.66666666667,7.0,1.42857142857,Is it yellow inside?,pineapple,is-it-yellow-inside,yes,visual,0.3125
is-it-yellow:pineapple,6.0,-1.33333333333,3.0,0.0,3.0,2.0,3.0,1.0,6.0,0.833333333333,Is it yellow?,pineapple,is-it-yellow,yes,visual,0.3125
does-it-grow-in-hawaii:table,10.0,-1.6,5.0,0.4,5.0,0.6,5.0,2.6,10.0,-1.9,Does it grow in Hawaii?,table,does-it-grow-in-hawaii,no,nonvisual,0.6
does-it-have-a-neck:table,10.0,-1.2,5.0,0.6,5.0,0.6,5.0,2.8,10.0,-1.4,Does it have a neck?,table,does-it-have-a-neck,no,visual,0.6
does-it-have-a-nose:table,8.0,-2.0,4.0,0.0,4.0,1.25,4.0,1.5,8.0,-1.5,Does it have a nose?,table,does-it-have-a-nose,no,visual,0.6
does-it-have-a-skin:table,7.0,-1.57142857143,5.0,0.4,5.0,0.6,2.0,1.0,7.0,-1.71428571429,Does it have a skin?,table,does-it-have-a-skin,no,visual,0.6
does-it-have-a-tail:table,8.0,-1.875,3.0,0.0,3.0,0.333333333333,5.0,2.2,8.0,-2.0,Does it have a tail?,table,does-it-have-a-tail,no,visual,0.6
does-it-have-legs:table,8.0,-1.125,4.0,1.5,4.0,1.25,4.0,1.75,8.0,1.625,Does it have legs?,table,does-it-have-legs,yes,visual,0.6
is-it-a-mammal:table,9.0,-1.11111111111,3.0,1.33333333333,3.0,1.33333333333,6.0,2.5,9.0,-1.77777777778,Is it a mammal?,table,is-it-a-mammal,no,nonvisual,0.6
is-it-an-animal:table,7.0,-1.0,4.0,0.0,4.0,0.0,3.0,3.33333333333,7.0,-1.0,Is it an animal?,table,is-it-an-animal,no,nonvisual,0.6
is-it-flat:table,9.0,-1.33333333333,7.0,1.71428571429,7.0,2.14285714286,2.0,1.0,9.0,1.55555555556,Is it flat?,table,is-it-flat,yes,visual,0.6
is-it-found-in-dining-rooms:table,11.0,-1.72727272727,7.0,0.285714285714,7.0,1.57142857143,4.0,2.25,11.0,1.54545454545,Is it found in dining rooms?,table,is-it-found-in-dining-rooms,yes,nonvisual,0.6
is-it-found-in-kitchens:table,7.0,-1.71428571429,4.0,0.25,4.0,1.5,3.0,1.66666666667,7.0,1.42857142857,Is it found in kitchens?,table,is-it-found-in-kitchens,yes,nonvisual,0.6
is-it-furniture:table,11.0,-1.54545454545,4.0,0.5,4.0,1.0,7.0,2.42857142857,11.0,1.90909090909,Is it furniture?,table,is-it-furniture,yes,nonvisual,0.6
is-it-healthy:table,9.0,-0.777777777778,5.0,0.4,5.0,1.4,4.0,4.0,9.0,-1.44444444444,Is it healthy?,table,is-it-healthy,no,nonvisual,0.6
is-it-made-of-wood:table,6.0,-1.16666666667,4.0,2.0,4.0,2.0,2.0,2.5,6.0,0.666666666667,Is it made of wood?,table,is-it-made-of-wood,yes,visual,0.6
is-it-round:table,8.0,-1.625,6.0,0.833333333333,6.0,1.83333333333,2.0,1.0,8.0,-0.125,Is it round?,table,is-it-round,no,visual,0.6
is-it-used-for-eating-on:table,6.0,-1.33333333333,2.0,0.0,2.0,2.0,4.0,2.75,6.0,1.16666666667,Is it used for eating on?,table,is-it-used-for-eating-on,yes,nonvisual,0.6
does-it-grow-in-tropical-climates:banana,6.0,-1.5,5.0,1.0,5.0,0.2,1.0,1.0,6.0,1.33333333333,Does it grow in tropical climates?,banana,does-it-grow-in-tropical-climates,yes,nonvisual,0.285714285714
does-it-have-a-beak:banana,11.0,-2.0,5.0,1.4,5.0,2.0,6.0,1.33333333333,11.0,-2.0,Does it have a beak?,banana,does-it-have-a-beak,no,visual,0.285714285714
does-it-have-a-peel:banana,9.0,-1.33333333333,4.0,0.75,4.0,1.5,5.0,2.0,9.0,1.22222222222,Does it have a peel?,banana,does-it-have-a-peel,yes,visual,0.285714285714
does-it-have-a-skin:banana,7.0,-1.42857142857,3.0,0.666666666667,3.0,1.0,4.0,1.25,7.0,1.42857142857,Does it have a skin?,banana,does-it-have-a-skin,yes,visual,0.285714285714
does-it-have-a-tail:banana,7.0,-1.85714285714,4.0,1.25,4.0,1.5,3.0,2.33333333333,7.0,-1.57142857143,Does it have a tail?,banana,does-it-have-a-tail,no,visual,0.285714285714
does-it-have-different-speeds:banana,9.0,-1.22222222222,5.0,0.6,5.0,1.6,4.0,2.25,9.0,-1.66666666667,Does it have different speeds?,banana,does-it-have-different-speeds,no,nonvisual,0.285714285714
does-it-have-feathers:banana,13.0,-1.76923076923,6.0,0.666666666667,6.0,1.33333333333,7.0,1.57142857143,13.0,-2.0,Does it have feathers?,banana,does-it-have-feathers,no,visual,0.285714285714
does-it-have-hooves:banana,15.0,-1.93333333333,5.0,1.2,5.0,1.2,10.0,1.1,15.0,-2.0,Does it have hooves?,banana,does-it-have-hooves,no,visual,0.285714285714
does-it-taste-good:banana,11.0,-1.63636363636,7.0,1.42857142857,7.0,0.571428571429,4.0,1.5,11.0,0.909090909091,Does it taste good?,banana,does-it-taste-good,yes,nonvisual,0.285714285714
is-it-a-container:banana,10.0,-1.5,5.0,0.2,5.0,1.4,5.0,2.2,10.0,-1.7,Is it a container?,banana,is-it-a-container,no,nonvisual,0.285714285714
is-it-a-fruit:banana,12.0,-1.33333333333,7.0,0.714285714286,7.0,0.857142857143,5.0,2.2,12.0,1.91666666667,Is it a fruit?,banana,is-it-a-fruit,yes,nonvisual,0.285714285714
is-it-fast:banana,12.0,-1.16666666667,7.0,0.428571428571,7.0,1.42857142857,5.0,2.2,12.0,-1.5,Is it fast?,banana,is-it-fast,no,nonvisual,0.285714285714
is-it-healthy:banana,8.0,-1.125,6.0,1.33333333333,6.0,1.0,2.0,5.0,8.0,1.125,Is it healthy?,banana,is-it-healthy,yes,nonvisual,0.285714285714
is-it-long:banana,11.0,-1.0,8.0,0.375,8.0,2.25,3.0,2.33333333333,11.0,0.454545454545,Is it long?,banana,is-it-long,yes,visual,0.285714285714
is-it-worn-in-cold-temperatures:banana,13.0,-1.53846153846,8.0,0.875,8.0,1.375,5.0,2.4,13.0,-1.23076923077,Is it worn in cold temperatures?,banana,is-it-worn-in-cold-temperatures,no,nonvisual,0.285714285714
is-it-yellow:banana,10.0,-1.7,4.0,2.25,4.0,2.75,6.0,2.16666666667,10.0,1.6,Is it yellow?,banana,is-it-yellow,yes,visual,0.285714285714
does-it-grow-in-tropical-climates:train,9.0,-1.44444444444,5.0,1.0,5.0,1.8,4.0,3.25,9.0,-1.33333333333,Does it grow in tropical climates?,train,does-it-grow-in-tropical-climates,no,nonvisual,0.466666666667
does-it-have-a-beak:train,8.0,-1.875,4.0,0.0,4.0,1.75,4.0,2.25,8.0,-1.875,Does it have a beak?,train,does-it-have-a-beak,no,visual,0.466666666667
does-it-have-a-caboose:train,8.0,-1.25,5.0,1.4,5.0,1.8,3.0,1.33333333333,8.0,0.625,Does it have a caboose?,train,does-it-have-a-caboose,yes,visual,0.466666666667
does-it-have-a-zipper:train,14.0,-1.14285714286,2.0,0.0,2.0,0.5,12.0,2.33333333333,14.0,-1.64285714286,Does it have a zipper?,train,does-it-have-a-zipper,no,visual,0.466666666667
does-it-have-an-engine:train,11.0,-0.727272727273,6.0,1.5,6.0,2.0,5.0,4.2,11.0,1.63636363636,Does it have an engine?,train,does-it-have-an-engine,yes,visual,0.466666666667
does-it-have-long-legs:train,7.0,-1.57142857143,5.0,0.6,5.0,1.0,2.0,3.0,7.0,-1.71428571429,Does it have long legs?,train,does-it-have-long-legs,no,visual,0.466666666667
does-it-have-many-cars:train,12.0,-1.08333333333,6.0,0.666666666667,6.0,1.33333333333,6.0,1.83333333333,12.0,0.666666666667,Does it have many cars?,train,does-it-have-many-cars,yes,visual,0.466666666667
does-it-live-in-the-arctic:train,7.0,-1.57142857143,4.0,0.0,4.0,0.25,3.0,3.0,7.0,-1.71428571429,Does it live in the Arctic?,train,does-it-live-in-the-arctic,no,nonvisual,0.466666666667
does-it-produce-offspring:train,11.0,-1.63636363636,5.0,1.4,5.0,1.4,6.0,3.0,11.0,-2.0,Does it produce offspring?,train,does-it-produce-offspring,no,nonvisual,0.466666666667
does-it-require-a-conductor:train,14.0,-1.14285714286,4.0,2.0,4.0,1.25,10.0,3.1,14.0,0.642857142857,Does it require a conductor?,train,does-it-require-a-conductor,yes,nonvisual,0.466666666667
is-it-a-fruit:train,12.0,-1.75,7.0,1.28571428571,7.0,0.714285714286,5.0,2.2,12.0,-2.0,Is it a fruit?,train,is-it-a-fruit,no,nonvisual,0.466666666667
is-it-green:train,13.0,-0.923076923077,7.0,0.571428571429,7.0,1.42857142857,6.0,1.66666666667,13.0,-0.615384615385,Is it green?,train,is-it-green,no,visual,0.466666666667
is-it-loud:train,10.0,-1.4,5.0,1.4,5.0,1.4,5.0,1.0,10.0,1.6,Is it loud?,train,is-it-loud,yes,nonvisual,0.466666666667
is-it-made-of-metal:train,8.0,-1.75,5.0,2.0,5.0,2.4,3.0,2.33333333333,8.0,1.625,Is it made of metal?,train,is-it-made-of-metal,yes,visual,0.466666666667
is-it-used-for-freight:train,13.0,-1.61538461538,5.0,0.8,5.0,1.6,8.0,2.375,13.0,1.30769230769,Is it used for freight?,train,is-it-used-for-freight,yes,nonvisual,0.466666666667
is-it-used-for-transportation:train,6.0,-1.5,6.0,0.666666666667,6.0,1.66666666667,,,6.0,2.0,Is it used for transportation?,train,is-it-used-for-transportation,yes,nonvisual,0.466666666667
does-it-grow-on-trees:apple,11.0,-1.63636363636,6.0,0.833333333333,6.0,2.0,5.0,2.2,11.0,1.81818181818,Does it grow on trees?,apple,does-it-grow-on-trees,yes,nonvisual,0.235294117647
does-it-have-a-beak:apple,12.0,-1.75,7.0,1.0,7.0,1.57142857143,5.0,2.0,12.0,-1.91666666667,Does it have a beak?,apple,does-it-have-a-beak,no,visual,0.235294117647
does-it-have-a-core:apple,9.0,-1.44444444444,4.0,1.25,4.0,0.75,5.0,3.2,9.0,2.0,Does it have a core?,apple,does-it-have-a-core,yes,visual,0.235294117647
does-it-have-a-hood:apple,9.0,-1.66666666667,5.0,0.0,5.0,0.4,4.0,1.5,9.0,-1.77777777778,Does it have a hood?,apple,does-it-have-a-hood,no,visual,0.235294117647
does-it-have-eyes:apple,6.0,-1.66666666667,5.0,0.4,5.0,0.0,1.0,1.0,6.0,-2.0,Does it have eyes?,apple,does-it-have-eyes,no,visual,0.235294117647
does-it-have-pockets:apple,12.0,-1.83333333333,7.0,0.714285714286,7.0,1.0,5.0,1.2,12.0,-2.0,Does it have pockets?,apple,does-it-have-pockets,no,visual,0.235294117647
does-it-have-seeds:apple,11.0,-1.54545454545,6.0,1.5,6.0,1.0,5.0,2.0,11.0,1.54545454545,Does it have seeds?,apple,does-it-have-seeds,yes,visual,0.235294117647
does-it-live-in-africa:apple,10.0,-0.7,5.0,1.0,5.0,0.2,5.0,3.0,10.0,-0.8,Does it live in Africa?,apple,does-it-live-in-africa,no,nonvisual,0.235294117647
is-it-a-fruit:apple,12.0,-1.83333333333,7.0,1.0,7.0,1.14285714286,5.0,3.6,12.0,2.0,Is it a fruit?,apple,is-it-a-fruit,yes,nonvisual,0.235294117647
is-it-an-animal:apple,7.0,-1.28571428571,5.0,1.0,5.0,1.6,2.0,3.0,7.0,-1.85714285714,Is it an animal?,apple,is-it-an-animal,no,nonvisual,0.235294117647
is-it-black:apple,11.0,-1.81818181818,4.0,0.0,4.0,1.5,7.0,1.42857142857,11.0,-1.72727272727,Is it black?,apple,is-it-black,no,visual,0.235294117647
is-it-eaten-in-pies:apple,10.0,-1.6,6.0,1.83333333333,6.0,2.33333333333,4.0,1.5,10.0,2.0,Is it eaten in pies?,apple,is-it-eaten-in-pies,yes,nonvisual,0.235294117647
is-it-fast:apple,10.0,-1.6,4.0,0.0,4.0,0.0,6.0,2.5,10.0,-1.8,Is it fast?,apple,is-it-fast,no,nonvisual,0.235294117647
is-it-green:apple,6.0,-1.33333333333,3.0,1.0,3.0,2.33333333333,3.0,2.33333333333,6.0,0.0,Is it green?,apple,is-it-green,yes,visual,0.235294117647
is-it-nutritious:apple,18.0,-1.55555555556,8.0,2.25,8.0,0.625,10.0,2.9,18.0,1.72222222222,Is it nutritious?,apple,is-it-nutritious,yes,nonvisual,0.235294117647
is-it-red:apple,15.0,-1.33333333333,8.0,0.625,8.0,2.625,7.0,1.42857142857,15.0,0.333333333333,Is it red?,apple,is-it-red,yes,visual,0.235294117647
is-it-round:apple,11.0,-1.45454545455,6.0,1.5,6.0,3.0,5.0,1.2,11.0,0.909090909091,Is it round?,apple,is-it-round,yes,visual,0.235294117647
is-it-timid:apple,10.0,-1.2,7.0,2.14285714286,7.0,2.57142857143,3.0,3.33333333333,10.0,-1.6,Is it timid?,apple,is-it-timid,no,nonvisual,0.235294117647
is-it-used-for-cider:apple,9.0,-1.77777777778,5.0,0.6,5.0,0.6,4.0,2.25,9.0,1.88888888889,Is it used for cider?,apple,is-it-used-for-cider,yes,nonvisual,0.235294117647
is-it-used-in-experiments:apple,7.0,-0.714285714286,5.0,0.2,5.0,0.4,2.0,2.5,7.0,-0.285714285714,Is it used in experiments?,apple,is-it-used-in-experiments,no,nonvisual,0.235294117647
does-it-grow-on-trees:swan,10.0,-1.8,5.0,1.4,5.0,1.4,5.0,3.0,10.0,-2.0,Does it grow on trees?,swan,does-it-grow-on-trees,no,nonvisual,0.533333333333
does-it-have-a-beak:swan,9.0,-1.22222222222,4.0,1.5,4.0,3.25,5.0,2.8,9.0,1.33333333333,Does it have a beak?,swan,does-it-have-a-beak,yes,visual,0.533333333333
does-it-have-a-hump:swan,7.0,-1.42857142857,5.0,0.6,5.0,1.8,2.0,2.5,7.0,-1.85714285714,Does it have a hump?,swan,does-it-have-a-hump,no,visual,0.533333333333
does-it-have-a-long-neck:swan,9.0,-1.66666666667,4.0,1.5,4.0,2.0,5.0,2.6,9.0,1.55555555556,Does it have a long neck?,swan,does-it-have-a-long-neck,yes,visual,0.533333333333
does-it-have-a-tail:swan,10.0,-0.8,6.0,1.83333333333,6.0,3.16666666667,4.0,1.75,10.0,-0.8,Does it have a tail?,swan,does-it-have-a-tail,no,visual,0.533333333333
does-it-have-feathers:swan,11.0,-1.90909090909,6.0,0.333333333333,6.0,1.0,5.0,2.6,11.0,1.90909090909,Does it have feathers?,swan,does-it-have-feathers,yes,visual,0.533333333333
does-it-have-four-legs:swan,11.0,-1.27272727273,6.0,2.16666666667,6.0,2.5,5.0,2.0,11.0,-1.72727272727,Does it have four legs?,swan,does-it-have-four-legs,no,visual,0.533333333333
does-it-have-wings:swan,8.0,-1.5,6.0,1.83333333333,6.0,2.0,2.0,1.0,8.0,1.625,Does it have wings?,swan,does-it-have-wings,yes,visual,0.533333333333
does-it-lay-eggs:swan,9.0,-1.11111111111,6.0,1.33333333333,6.0,1.66666666667,3.0,1.33333333333,9.0,1.33333333333,Does it lay eggs?,swan,does-it-lay-eggs,yes,nonvisual,0.533333333333
does-it-live-on-water:swan,14.0,-1.14285714286,6.0,1.66666666667,6.0,1.66666666667,8.0,2.25,14.0,1.14285714286,Does it live on water?,swan,does-it-live-on-water,yes,nonvisual,0.533333333333
does-it-travel-in-herds:swan,10.0,-0.5,4.0,1.0,4.0,0.75,6.0,2.66666666667,10.0,-0.3,Does it travel in herds?,swan,does-it-travel-in-herds,no,nonvisual,0.533333333333
is-it-a-bird:swan,9.0,-1.44444444444,4.0,1.0,4.0,1.75,5.0,1.6,9.0,2.0,Is it a bird?,swan,is-it-a-bird,yes,nonvisual,0.533333333333
is-it-found-in-dining-rooms:swan,13.0,-1.38461538462,7.0,1.0,7.0,0.571428571429,6.0,2.66666666667,13.0,-1.38461538462,Is it found in dining rooms?,swan,is-it-found-in-dining-rooms,no,nonvisual,0.533333333333
is-it-graceful:swan,14.0,-1.71428571429,7.0,0.571428571429,7.0,1.57142857143,7.0,1.71428571429,14.0,1.64285714286,Is it graceful?,swan,is-it-graceful,yes,nonvisual,0.533333333333
is-it-made-of-wood:swan,12.0,-1.41666666667,8.0,0.125,8.0,0.375,4.0,1.5,12.0,-1.58333333333,Is it made of wood?,swan,is-it-made-of-wood,no,visual,0.533333333333
is-it-used-by-riding:swan,13.0,-1.46153846154,7.0,1.28571428571,7.0,1.14285714286,6.0,2.33333333333,13.0,-1.84615384615,Is it used by riding?,swan,is-it-used-by-riding,no,nonvisual,0.533333333333
does-it-grow-underground:carrot,8.0,-1.625,4.0,0.75,4.0,0.75,4.0,1.25,8.0,1.5,Does it grow underground?,carrot,does-it-grow-underground,yes,nonvisual,0.25
does-it-have-a-pointed-end:carrot,11.0,-1.72727272727,7.0,1.57142857143,7.0,3.0,4.0,2.0,11.0,1.54545454545,Does it have a pointed end?,carrot,does-it-have-a-pointed-end,yes,visual,0.25
does-it-have-a-top:carrot,11.0,-1.18181818182,6.0,0.666666666667,6.0,1.33333333333,5.0,2.0,11.0,1.09090909091,Does it have a top?,carrot,does-it-have-a-top,yes,visual,0.25
does-it-have-four-legs:carrot,9.0,-1.88888888889,6.0,0.0,6.0,0.5,3.0,2.0,9.0,-2.0,Does it have four legs?,carrot,does-it-have-four-legs,no,visual,0.25
does-it-have-many-cars:carrot,7.0,-2.0,4.0,0.0,4.0,1.0,3.0,2.0,7.0,-2.0,Does it have many cars?,carrot,does-it-have-many-cars,no,visual,0.25
does-it-have-wings:carrot,9.0,-1.88888888889,6.0,0.0,6.0,1.0,3.0,1.0,9.0,-2.0,Does it have wings?,carrot,does-it-have-wings,no,visual,0.25
does-it-live-in-africa:carrot,7.0,-0.857142857143,5.0,0.6,5.0,0.6,2.0,2.0,7.0,-0.285714285714,Does it live in Africa?,carrot,does-it-live-in-africa,no,nonvisual,0.25
does-it-live-in-swamps:carrot,11.0,-1.45454545455,5.0,1.2,5.0,1.0,6.0,3.33333333333,11.0,-1.63636363636,Does it live in swamps?,carrot,does-it-live-in-swamps,no,nonvisual,0.25
is-it-a-root:carrot,17.0,-0.764705882353,9.0,1.88888888889,9.0,1.66666666667,8.0,2.875,17.0,1.29411764706,Is it a root?,carrot,is-it-a-root,yes,nonvisual,0.25
is-it-a-vegetable:carrot,7.0,-1.71428571429,5.0,1.4,5.0,0.8,2.0,2.5,7.0,1.85714285714,Is it a vegetable?,carrot,is-it-a-vegetable,yes,nonvisual,0.25
is-it-an-animal:carrot,7.0,-1.57142857143,6.0,1.16666666667,6.0,0.166666666667,1.0,1.0,7.0,-1.57142857143,Is it an animal?,carrot,is-it-an-animal,no,nonvisual,0.25
is-it-brown:carrot,8.0,-1.0,4.0,1.0,4.0,1.75,4.0,2.25,8.0,-1.125,Is it brown?,carrot,is-it-brown,no,visual,0.25
is-it-eaten-by-rabbits:carrot,7.0,-1.28571428571,5.0,1.4,5.0,1.4,2.0,1.0,7.0,1.28571428571,Is it eaten by rabbits?,carrot,is-it-eaten-by-rabbits,yes,nonvisual,0.25
is-it-long:carrot,12.0,-1.33333333333,8.0,0.625,8.0,2.25,4.0,1.0,12.0,0.666666666667,Is it long?,carrot,is-it-long,yes,visual,0.25
is-it-orange:carrot,6.0,-1.66666666667,3.0,1.0,3.0,2.0,3.0,2.0,6.0,1.66666666667,Is it orange?,carrot,is-it-orange,yes,visual,0.25
is-it-used-for-holding-things:carrot,9.0,-1.55555555556,6.0,0.666666666667,6.0,1.0,3.0,4.0,9.0,-2.0,Is it used for holding things?,carrot,is-it-used-for-holding-things,no,nonvisual,0.25
does-it-grow-underground:tiger,7.0,-1.42857142857,3.0,1.66666666667,3.0,1.66666666667,4.0,1.0,7.0,-1.71428571429,Does it grow underground?,tiger,does-it-grow-underground,no,nonvisual,0.473684210526
does-it-have-large-ears:tiger,7.0,-0.428571428571,5.0,1.0,5.0,1.8,2.0,1.5,7.0,-0.428571428571,Does it have large ears?,tiger,does-it-have-large-ears,no,visual,0.473684210526
does-it-have-large-teeth:tiger,11.0,-1.27272727273,6.0,1.5,6.0,2.0,5.0,2.4,11.0,1.09090909091,Does it have large teeth?,tiger,does-it-have-large-teeth,yes,visual,0.473684210526
does-it-have-stripes:tiger,8.0,-1.375,4.0,0.75,4.0,1.0,4.0,2.75,8.0,1.625,Does it have stripes?,tiger,does-it-have-stripes,yes,visual,0.473684210526
does-it-have-teeth:tiger,5.0,-1.4,4.0,0.5,4.0,2.25,1.0,3.0,5.0,1.6,Does it have teeth?,tiger,does-it-have-teeth,yes,visual,0.473684210526
does-it-have-warts:tiger,9.0,-1.0,5.0,2.2,5.0,1.6,4.0,4.25,9.0,-1.11111111111,Does it have warts?,tiger,does-it-have-warts,no,visual,0.473684210526
does-it-have-whiskers:tiger,10.0,-1.5,7.0,0.857142857143,7.0,2.0,3.0,2.66666666667,10.0,1.5,Does it have whiskers?,tiger,does-it-have-whiskers,yes,visual,0.473684210526
does-it-live-in-africa:tiger,7.0,-0.857142857143,5.0,1.8,5.0,1.8,2.0,3.0,7.0,0.0,Does it live in Africa?,tiger,does-it-live-in-africa,yes,nonvisual,0.473684210526
does-it-live-in-india:tiger,7.0,-1.0,4.0,1.5,4.0,0.75,3.0,2.0,7.0,1.0,Does it live in India?,tiger,does-it-live-in-india,yes,nonvisual,0.473684210526
does-it-live-in-zoos:tiger,10.0,-1.4,4.0,1.75,4.0,1.5,6.0,3.16666666667,10.0,0.6,Does it live in zoos?,tiger,does-it-live-in-zoos,yes,nonvisual,0.473684210526
does-it-taste-sweet:tiger,8.0,-1.5,5.0,0.4,5.0,0.6,3.0,1.0,8.0,-1.875,Does it taste sweet?,tiger,does-it-taste-sweet,no,nonvisual,0.473684210526
is-it-a-carnivore:tiger,8.0,-1.25,4.0,2.25,4.0,1.5,4.0,2.25,8.0,1.5,Is it a carnivore?,tiger,is-it-a-carnivore,yes,nonvisual,0.473684210526
is-it-an-animal:tiger,9.0,-1.88888888889,5.0,1.0,5.0,1.0,4.0,2.0,9.0,2.0,Is it an animal?,tiger,is-it-an-animal,yes,nonvisual,0.473684210526
is-it-black:tiger,9.0,-1.11111111111,5.0,1.4,5.0,2.4,4.0,1.5,9.0,-1.22222222222,Is it black?,tiger,is-it-black,no,visual,0.473684210526
is-it-brown:tiger,13.0,-1.15384615385,7.0,1.71428571429,7.0,2.28571428571,6.0,1.5,13.0,-1.0,Is it brown?,tiger,is-it-brown,no,visual,0.473684210526
is-it-orange:tiger,11.0,-1.36363636364,7.0,1.57142857143,7.0,1.57142857143,4.0,1.75,11.0,0.818181818182,Is it orange?,tiger,is-it-orange,yes,visual,0.473684210526
is-it-used-for-relaxing:tiger,8.0,-1.75,6.0,0.333333333333,6.0,0.333333333333,2.0,3.0,8.0,-1.5,Is it used for relaxing?,tiger,is-it-used-for-relaxing,no,nonvisual,0.473684210526
is-it-used-for-sitting-on:tiger,6.0,-1.66666666667,4.0,0.25,4.0,1.5,2.0,4.0,6.0,-2.0,Is it used for sitting on?,tiger,is-it-used-for-sitting-on,no,nonvisual,0.473684210526
is-it-worn-in-winter:tiger,6.0,-1.16666666667,4.0,0.5,4.0,1.0,2.0,2.0,6.0,-1.5,Is it worn in winter?,tiger,is-it-worn-in-winter,no,nonvisual,0.473684210526
is-it-yellow-inside:tiger,7.0,-0.857142857143,4.0,0.75,4.0,1.5,3.0,2.0,7.0,-1.71428571429,Is it yellow inside?,tiger,is-it-yellow-inside,no,visual,0.473684210526
does-it-have-a-cushion:chair,10.0,-1.2,4.0,0.75,4.0,2.0,6.0,2.16666666667,10.0,0.3,Does it have a cushion?,chair,does-it-have-a-cushion,yes,visual,0.466666666667
does-it-have-a-seat:chair,18.0,-1.72222222222,9.0,0.666666666667,9.0,1.55555555556,9.0,1.88888888889,18.0,1.83333333333,Does it have a seat?,chair,does-it-have-a-seat,yes,visual,0.466666666667
does-it-have-a-snout:chair,8.0,-1.25,6.0,0.666666666667,6.0,0.833333333333,2.0,2.5,8.0,-1.25,Does it have a snout?,chair,does-it-have-a-snout,no,visual,0.466666666667
does-it-have-a-tail:chair,22.0,-1.86363636364,11.0,0.636363636364,11.0,1.63636363636,11.0,2.36363636364,22.0,-1.68181818182,Does it have a tail?,chair,does-it-have-a-tail,no,visual,0.466666666667
does-it-have-armrests:chair,8.0,-1.5,4.0,0.5,4.0,1.5,4.0,4.25,8.0,0.5,Does it have armrests?,chair,does-it-have-armrests,yes,visual,0.466666666667
does-it-have-legs:chair,20.0,-1.7,10.0,0.8,10.0,1.7,10.0,1.5,20.0,1.6,Does it have legs?,chair,does-it-have-legs,yes,visual,0.466666666667
is-it-a-fruit:chair,8.0,-1.875,7.0,0.714285714286,7.0,0.714285714286,1.0,5.0,8.0,-1.625,Is it a fruit?,chair,is-it-a-fruit,no,nonvisual,0.466666666667
is-it-a-root:chair,11.0,-1.27272727273,6.0,0.833333333333,6.0,1.0,5.0,3.2,11.0,-1.81818181818,Is it a root?,chair,is-it-a-root,no,nonvisual,0.466666666667
is-it-an-animal:chair,7.0,-1.71428571429,4.0,1.25,4.0,1.5,3.0,2.33333333333,7.0,-2.0,Is it an animal?,chair,is-it-an-animal,no,nonvisual,0.466666666667
is-it-comfortable:chair,11.0,-1.45454545455,4.0,0.0,4.0,1.25,7.0,1.71428571429,11.0,0.181818181818,Is it comfortable?,chair,is-it-comfortable,yes,nonvisual,0.466666666667
is-it-found-at-tables:chair,7.0,-1.42857142857,6.0,0.333333333333,6.0,2.16666666667,1.0,3.0,7.0,1.14285714286,Is it found at tables?,chair,is-it-found-at-tables,yes,nonvisual,0.466666666667
is-it-furniture:chair,8.0,-1.75,5.0,0.4,5.0,0.6,3.0,2.0,8.0,2.0,Is it furniture?,chair,is-it-furniture,yes,nonvisual,0.466666666667
is-it-long:chair,11.0,-1.09090909091,7.0,0.0,7.0,1.42857142857,4.0,2.5,11.0,-0.818181818182,Is it long?,chair,is-it-long,no,visual,0.466666666667
is-it-made-of-wood:chair,12.0,-1.08333333333,6.0,0.5,6.0,2.16666666667,6.0,1.83333333333,12.0,0.833333333333,Is it made of wood?,chair,is-it-made-of-wood,yes,visual,0.466666666667
is-it-nutritious:chair,8.0,-1.875,7.0,0.857142857143,7.0,0.428571428571,1.0,1.0,8.0,-1.625,Is it nutritious?,chair,is-it-nutritious,no,nonvisual,0.466666666667
is-it-orange:chair,6.0,-1.33333333333,4.0,0.0,4.0,2.25,2.0,4.0,6.0,-0.5,Is it orange?,chair,is-it-orange,no,visual,0.466666666667
is-it-used-for-relaxing:chair,8.0,-1.75,5.0,0.0,5.0,0.6,3.0,3.33333333333,8.0,1.875,Is it used for relaxing?,chair,is-it-used-for-relaxing,yes,nonvisual,0.466666666667
is-it-used-for-sitting-on:chair,11.0,-1.54545454545,4.0,1.0,4.0,0.75,7.0,2.42857142857,11.0,1.81818181818,Is it used for sitting on?,chair,is-it-used-for-sitting-on,yes,nonvisual,0.466666666667
is-it-used-in-circuses:chair,10.0,-0.5,7.0,0.714285714286,7.0,1.57142857143,3.0,4.0,10.0,0.3,Is it used in circuses?,chair,is-it-used-in-circuses,yes,nonvisual,0.466666666667
does-it-have-a-seat:bike,9.0,-1.77777777778,6.0,0.333333333333,6.0,1.5,3.0,1.66666666667,9.0,1.77777777778,Does it have a seat?,bike,does-it-have-a-seat,yes,visual,0.666666666667
does-it-have-different-speeds:bike,12.0,-1.16666666667,10.0,0.6,10.0,1.5,2.0,3.0,12.0,1.08333333333,Does it have different speeds?,bike,does-it-have-different-speeds,yes,nonvisual,0.666666666667
does-it-have-feet:bike,13.0,-1.69230769231,7.0,0.142857142857,7.0,1.14285714286,6.0,2.66666666667,13.0,-1.84615384615,Does it have feet?,bike,does-it-have-feet,no,visual,0.666666666667
does-it-have-gears:bike,9.0,-1.33333333333,4.0,2.0,4.0,1.75,5.0,2.6,9.0,0.888888888889,Does it have gears?,bike,does-it-have-gears,yes,visual,0.666666666667
does-it-have-handle-bars:bike,14.0,-1.57142857143,6.0,0.5,6.0,1.83333333333,8.0,2.25,14.0,1.71428571429,Does it have handle bars?,bike,does-it-have-handle-bars,yes,visual,0.666666666667
does-it-have-legs:bike,9.0,-1.77777777778,7.0,0.285714285714,7.0,1.0,2.0,1.5,9.0,-2.0,Does it have legs?,bike,does-it-have-legs,no,visual,0.666666666667
does-it-have-sleeves:bike,13.0,-1.38461538462,6.0,0.333333333333,6.0,1.0,7.0,2.0,13.0,-1.92307692308,Does it have sleeves?,bike,does-it-have-sleeves,no,visual,0.666666666667
does-it-live-in-africa:bike,8.0,-1.375,4.0,0.0,4.0,0.5,4.0,1.5,8.0,-1.0,Does it live in Africa?,bike,does-it-live-in-africa,no,nonvisual,0.666666666667
is-is-used-for-riding:bike,5.0,-2.0,4.0,0.0,4.0,1.5,1.0,1.0,5.0,2.0,Is is used for riding?,bike,is-is-used-for-riding,yes,nonvisual,0.666666666667
is-it-a-mammal:bike,9.0,-1.11111111111,5.0,0.8,5.0,0.8,4.0,2.0,9.0,-1.22222222222,Is it a mammal?,bike,is-it-a-mammal,no,nonvisual,0.666666666667
is-it-fast:bike,8.0,-1.0,4.0,1.0,4.0,1.25,4.0,1.75,8.0,0.5,Is it fast?,bike,is-it-fast,yes,nonvisual,0.666666666667
is-it-found-at-tables:bike,9.0,-1.33333333333,4.0,0.75,4.0,1.25,5.0,1.2,9.0,-1.77777777778,Is it found at tables?,bike,is-it-found-at-tables,no,nonvisual,0.666666666667
is-it-made-of-metal:bike,6.0,-1.5,4.0,0.25,4.0,1.25,2.0,2.0,6.0,1.16666666667,Is it made of metal?,bike,is-it-made-of-metal,yes,visual,0.666666666667
is-it-made-of-plastic:bike,15.0,-0.866666666667,8.0,1.5,8.0,1.625,7.0,2.0,15.0,-1.2,Is it made of plastic?,bike,is-it-made-of-plastic,no,visual,0.666666666667
is-it-nocturnal:bike,10.0,-1.3,5.0,0.2,5.0,0.8,5.0,3.0,10.0,-1.6,Is it nocturnal?,bike,is-it-nocturnal,no,nonvisual,0.666666666667
is-it-used-for-racing:bike,8.0,-1.5,6.0,1.0,6.0,1.33333333333,2.0,1.5,8.0,0.625,Is it used for racing?,bike,is-it-used-for-racing,yes,nonvisual,0.666666666667
